# Better Audio Clarity: loudness of every vanilla sound effect file (EBU R128 max momentary, LUFS), measured from the 26.3 assets. Used by sound leveling.
ambient/cave/cave1	-22.7
ambient/cave/cave10	-26.1
ambient/cave/cave11	-19.2
ambient/cave/cave12	-17.6
ambient/cave/cave13	-13.1
ambient/cave/cave14	-20.0
ambient/cave/cave15	-17.5
ambient/cave/cave16	-14.9
ambient/cave/cave17	-13.6
ambient/cave/cave18	-13.1
ambient/cave/cave19	-14.1
ambient/cave/cave2	-17.9
ambient/cave/cave20	-17.0
ambient/cave/cave21	-21.8
ambient/cave/cave22	-15.3
ambient/cave/cave23	-19.0
ambient/cave/cave3	-12.4
ambient/cave/cave4	-20.3
ambient/cave/cave5	-15.3
ambient/cave/cave6	-14.0
ambient/cave/cave7	-16.8
ambient/cave/cave8	-22.0
ambient/cave/cave9	-11.1
ambient/nether/basalt_deltas/active1	-15.1
ambient/nether/basalt_deltas/active2	-19.7
ambient/nether/basalt_deltas/active3	-22.3
ambient/nether/basalt_deltas/active4	-22.1
ambient/nether/basalt_deltas/ambience	-28.4
ambient/nether/basalt_deltas/basaltground1	-22.3
ambient/nether/basalt_deltas/basaltground2	-23.4
ambient/nether/basalt_deltas/basaltground3	-33.0
ambient/nether/basalt_deltas/basaltground4	-26.8
ambient/nether/basalt_deltas/click1	-33.0
ambient/nether/basalt_deltas/click2	-35.7
ambient/nether/basalt_deltas/click3	-33.2
ambient/nether/basalt_deltas/click4	-31.6
ambient/nether/basalt_deltas/click5	-30.0
ambient/nether/basalt_deltas/click6	-27.3
ambient/nether/basalt_deltas/click7	-32.6
ambient/nether/basalt_deltas/click8	-27.5
ambient/nether/basalt_deltas/debris1	-43.5
ambient/nether/basalt_deltas/debris2	-45.4
ambient/nether/basalt_deltas/debris3	-49.1
ambient/nether/basalt_deltas/heavy_click1	-20.8
ambient/nether/basalt_deltas/heavy_click2	-21.2
ambient/nether/basalt_deltas/long_debris1	-47.4
ambient/nether/basalt_deltas/long_debris2	-51.9
ambient/nether/basalt_deltas/plode1	-31.3
ambient/nether/basalt_deltas/plode2	-27.4
ambient/nether/basalt_deltas/plode3	-23.6
ambient/nether/basalt_deltas/twist1	-27.3
ambient/nether/basalt_deltas/twist2	-21.9
ambient/nether/basalt_deltas/twist3	-28.9
ambient/nether/basalt_deltas/twist4	-16.7
ambient/nether/crimson_forest/addition1	-31.5
ambient/nether/crimson_forest/addition2	-28.3
ambient/nether/crimson_forest/addition3	-28.7
ambient/nether/crimson_forest/ambience	-40.0
ambient/nether/crimson_forest/mood1	-24.3
ambient/nether/crimson_forest/mood2	-29.4
ambient/nether/crimson_forest/mood3	-31.4
ambient/nether/crimson_forest/mood4	-19.4
ambient/nether/crimson_forest/particles1	-48.0
ambient/nether/crimson_forest/particles2	-49.3
ambient/nether/crimson_forest/particles3	-48.6
ambient/nether/crimson_forest/shine1	-26.7
ambient/nether/crimson_forest/shine2	-26.6
ambient/nether/crimson_forest/shine3	-28.0
ambient/nether/crimson_forest/shroom1	-25.2
ambient/nether/crimson_forest/shroom2	-29.8
ambient/nether/crimson_forest/shroom3	-22.5
ambient/nether/crimson_forest/twang1	-22.7
ambient/nether/crimson_forest/voom1	-31.7
ambient/nether/crimson_forest/voom2	-30.8
ambient/nether/nether_wastes/addition1	-26.6
ambient/nether/nether_wastes/addition2	-32.6
ambient/nether/nether_wastes/addition3	-34.3
ambient/nether/nether_wastes/addition4	-33.1
ambient/nether/nether_wastes/addition5	-27.9
ambient/nether/nether_wastes/addition6	-31.5
ambient/nether/nether_wastes/addition7	-27.2
ambient/nether/nether_wastes/addition8	-33.1
ambient/nether/nether_wastes/ambience	-35.8
ambient/nether/nether_wastes/dark1	-35.0
ambient/nether/nether_wastes/dark2	-33.2
ambient/nether/nether_wastes/ground1	-31.8
ambient/nether/nether_wastes/ground2	-38.7
ambient/nether/nether_wastes/ground3	-36.7
ambient/nether/nether_wastes/ground4	-28.0
ambient/nether/nether_wastes/mood1	-25.1
ambient/nether/nether_wastes/mood2	-26.6
ambient/nether/nether_wastes/mood3	-18.2
ambient/nether/nether_wastes/mood4	-19.5
ambient/nether/nether_wastes/mood5	-22.0
ambient/nether/soulsand_valley/ambience	-41.8
ambient/nether/soulsand_valley/mood1	-16.7
ambient/nether/soulsand_valley/mood2	-37.3
ambient/nether/soulsand_valley/mood3	-23.3
ambient/nether/soulsand_valley/mood4	-19.3
ambient/nether/soulsand_valley/sand1	-39.0
ambient/nether/soulsand_valley/sand2	-40.3
ambient/nether/soulsand_valley/sand3	-30.4
ambient/nether/soulsand_valley/voices1	-29.0
ambient/nether/soulsand_valley/voices2	-30.5
ambient/nether/soulsand_valley/voices3	-24.9
ambient/nether/soulsand_valley/voices4	-40.5
ambient/nether/soulsand_valley/voices5	-25.5
ambient/nether/soulsand_valley/whisper1	-53.0
ambient/nether/soulsand_valley/whisper2	-53.0
ambient/nether/soulsand_valley/whisper3	-53.8
ambient/nether/soulsand_valley/whisper4	-58.8
ambient/nether/soulsand_valley/whisper5	-51.1
ambient/nether/soulsand_valley/whisper6	-52.7
ambient/nether/soulsand_valley/whisper7	-52.8
ambient/nether/soulsand_valley/whisper8	-56.5
ambient/nether/soulsand_valley/wind1	-37.3
ambient/nether/soulsand_valley/wind2	-36.7
ambient/nether/soulsand_valley/wind3	-37.4
ambient/nether/soulsand_valley/wind4	-34.2
ambient/nether/soulsand_valley/with1	-28.2
ambient/nether/warped_forest/addition1	-21.0
ambient/nether/warped_forest/addition2	-16.9
ambient/nether/warped_forest/addition3	-16.4
ambient/nether/warped_forest/addition4	-26.2
ambient/nether/warped_forest/addition5	-24.5
ambient/nether/warped_forest/addition6	-16.4
ambient/nether/warped_forest/ambience	-36.5
ambient/nether/warped_forest/creak1	-20.9
ambient/nether/warped_forest/creak2	-19.4
ambient/nether/warped_forest/creak3	-20.6
ambient/nether/warped_forest/creak4	-20.8
ambient/nether/warped_forest/creak5	-22.4
ambient/nether/warped_forest/enish1	-32.6
ambient/nether/warped_forest/enish2	-30.1
ambient/nether/warped_forest/enish3	-29.3
ambient/nether/warped_forest/help1	-29.4
ambient/nether/warped_forest/help2	-26.3
ambient/nether/warped_forest/here1	-17.3
ambient/nether/warped_forest/here2	-15.7
ambient/nether/warped_forest/here3	-27.3
ambient/nether/warped_forest/mood1	-21.4
ambient/nether/warped_forest/mood2	-23.4
ambient/nether/warped_forest/mood3	-15.5
ambient/nether/warped_forest/mood4	-25.8
ambient/nether/warped_forest/mood5	-24.0
ambient/nether/warped_forest/mood6	-26.8
ambient/nether/warped_forest/mood7	-25.6
ambient/nether/warped_forest/mood8	-16.0
ambient/nether/warped_forest/mood9	-9.3
ambient/underwater/additions/animal1	-44.4
ambient/underwater/additions/animal2	-34.0
ambient/underwater/additions/bass_whale1	-33.3
ambient/underwater/additions/bass_whale2	-29.3
ambient/underwater/additions/bubbles1	-36.9
ambient/underwater/additions/bubbles2	-35.5
ambient/underwater/additions/bubbles3	-36.3
ambient/underwater/additions/bubbles4	-46.3
ambient/underwater/additions/bubbles5	-46.3
ambient/underwater/additions/bubbles6	-39.5
ambient/underwater/additions/crackles1	-48.3
ambient/underwater/additions/crackles2	-41.7
ambient/underwater/additions/dark1	-25.9
ambient/underwater/additions/dark2	-26.5
ambient/underwater/additions/dark3	-27.4
ambient/underwater/additions/dark4	-21.8
ambient/underwater/additions/driplets1	-34.7
ambient/underwater/additions/driplets2	-36.1
ambient/underwater/additions/earth_crack	-43.6
ambient/underwater/additions/water1	-51.5
ambient/underwater/additions/water2	-52.7
ambient/underwater/enter1	-17.8
ambient/underwater/enter2	-22.0
ambient/underwater/enter3	-17.6
ambient/underwater/exit1	-18.7
ambient/underwater/exit2	-20.2
ambient/underwater/exit3	-18.1
ambient/underwater/underwater_ambience	-39.3
ambient/weather/end_flash1	-31.6
ambient/weather/end_flash2	-29.2
ambient/weather/end_flash3	-28.8
ambient/weather/end_flash4	-26.0
ambient/weather/end_flash5	-35.2
ambient/weather/end_flash6	-34.9
ambient/weather/end_flash7	-35.8
ambient/weather/end_flash8	-30.0
ambient/weather/rain1	-24.3
ambient/weather/rain2	-24.4
ambient/weather/rain3	-24.3
ambient/weather/rain4	-23.6
ambient/weather/rain5	-24.3
ambient/weather/rain6	-24.6
ambient/weather/rain7	-25.0
ambient/weather/rain8	-24.0
ambient/weather/thunder1	-12.7
ambient/weather/thunder2	-17.8
ambient/weather/thunder3	-13.2
block/amethyst/break1	-25.5
block/amethyst/break2	-26.3
block/amethyst/break3	-26.6
block/amethyst/break4	-25.6
block/amethyst/place1	-27.8
block/amethyst/place2	-28.5
block/amethyst/place3	-27.5
block/amethyst/place4	-27.4
block/amethyst/resonate1	-33.9
block/amethyst/resonate2	-34.0
block/amethyst/resonate3	-31.2
block/amethyst/resonate4	-35.2
block/amethyst/shimmer	-40.7
block/amethyst/step1	-30.7
block/amethyst/step10	-33.1
block/amethyst/step11	-35.3
block/amethyst/step12	-33.1
block/amethyst/step13	-34.4
block/amethyst/step14	-34.7
block/amethyst/step2	-31.5
block/amethyst/step3	-31.6
block/amethyst/step4	-29.1
block/amethyst/step5	-31.9
block/amethyst/step6	-29.9
block/amethyst/step7	-35.8
block/amethyst/step8	-34.7
block/amethyst/step9	-34.7
block/amethyst_cluster/break1	-26.5
block/amethyst_cluster/break2	-27.9
block/amethyst_cluster/break3	-29.2
block/amethyst_cluster/break4	-27.5
block/amethyst_cluster/place1	-31.8
block/amethyst_cluster/place2	-32.0
block/amethyst_cluster/place3	-29.8
block/amethyst_cluster/place4	-32.2
block/ancient_debris/break1	-27.6
block/ancient_debris/break2	-28.1
block/ancient_debris/break3	-28.6
block/ancient_debris/break4	-27.9
block/ancient_debris/break5	-26.6
block/azalea/break1	-31.8
block/azalea/break2	-30.5
block/azalea/break3	-34.8
block/azalea/break4	-31.0
block/azalea/break5	-30.6
block/azalea/break6	-31.9
block/azalea/step1	-38.1
block/azalea/step2	-37.4
block/azalea/step3	-35.7
block/azalea/step4	-37.3
block/azalea/step5	-35.2
block/azalea/step6	-35.4
block/azalea_leaves/break1	-33.3
block/azalea_leaves/break2	-32.8
block/azalea_leaves/break3	-31.3
block/azalea_leaves/break4	-33.8
block/azalea_leaves/break5	-32.1
block/azalea_leaves/break6	-31.0
block/azalea_leaves/break7	-32.5
block/azalea_leaves/step1	-32.7
block/azalea_leaves/step2	-30.4
block/azalea_leaves/step3	-31.3
block/azalea_leaves/step4	-31.7
block/azalea_leaves/step5	-32.3
block/bamboo/place1	-29.1
block/bamboo/place2	-30.7
block/bamboo/place3	-30.5
block/bamboo/place4	-33.6
block/bamboo/place5	-31.2
block/bamboo/place6	-32.7
block/bamboo/sapling_hit1	-37.8
block/bamboo/sapling_hit2	-35.1
block/bamboo/sapling_hit3	-35.6
block/bamboo/sapling_hit4	-37.2
block/bamboo/sapling_hit5	-33.1
block/bamboo/sapling_place1	-30.4
block/bamboo/sapling_place2	-30.7
block/bamboo/sapling_place3	-31.7
block/bamboo/sapling_place4	-30.0
block/bamboo/sapling_place5	-32.8
block/bamboo/sapling_place6	-32.7
block/bamboo/step1	-30.0
block/bamboo/step2	-27.2
block/bamboo/step3	-25.7
block/bamboo/step4	-28.2
block/bamboo/step5	-28.7
block/bamboo/step6	-29.6
block/bamboo_wood/break1	-29.4
block/bamboo_wood/break2	-30.2
block/bamboo_wood/break3	-28.1
block/bamboo_wood/break4	-30.2
block/bamboo_wood/break5	-29.2
block/bamboo_wood/step1	-26.0
block/bamboo_wood/step2	-26.4
block/bamboo_wood/step3	-28.0
block/bamboo_wood/step4	-28.7
block/bamboo_wood/step5	-28.1
block/bamboo_wood/step6	-32.0
block/bamboo_wood_button/bamboo_wood_button	-24.2
block/bamboo_wood_door/toggle1	-26.5
block/bamboo_wood_door/toggle2	-25.8
block/bamboo_wood_door/toggle3	-26.6
block/bamboo_wood_door/toggle4	-24.9
block/bamboo_wood_fence/toggle1	-27.0
block/bamboo_wood_fence/toggle2	-24.6
block/bamboo_wood_fence/toggle3	-23.6
block/bamboo_wood_fence/toggle4	-25.2
block/bamboo_wood_hanging_sign/break1	-28.8
block/bamboo_wood_hanging_sign/break2	-28.4
block/bamboo_wood_hanging_sign/break3	-27.9
block/bamboo_wood_hanging_sign/break4	-29.8
block/bamboo_wood_hanging_sign/step1	-26.3
block/bamboo_wood_hanging_sign/step2	-26.5
block/bamboo_wood_hanging_sign/step3	-28.2
block/bamboo_wood_hanging_sign/step4	-28.9
block/bamboo_wood_trapdoor/toggle1	-27.9
block/bamboo_wood_trapdoor/toggle2	-26.1
block/bamboo_wood_trapdoor/toggle3	-27.6
block/bamboo_wood_trapdoor/toggle4	-27.3
block/barrel/close	-18.9
block/barrel/open1	-16.4
block/barrel/open2	-17.1
block/basalt/break1	-24.4
block/basalt/break2	-25.1
block/basalt/break3	-24.4
block/basalt/break4	-24.7
block/basalt/break5	-23.4
block/basalt/step1	-26.8
block/basalt/step2	-29.5
block/basalt/step3	-29.7
block/basalt/step4	-27.7
block/basalt/step5	-29.4
block/basalt/step6	-30.2
block/beacon/activate	-22.3
block/beacon/ambient	-27.1
block/beacon/deactivate	-18.0
block/beacon/power1	-19.9
block/beacon/power2	-17.5
block/beacon/power3	-16.6
block/beehive/drip1	-30.9
block/beehive/drip2	-30.6
block/beehive/drip3	-30.3
block/beehive/drip4	-30.6
block/beehive/drip5	-31.4
block/beehive/drip6	-33.8
block/beehive/enter	-21.9
block/beehive/exit	-24.6
block/beehive/shear	-22.6
block/beehive/work1	-23.9
block/beehive/work2	-21.8
block/beehive/work3	-27.0
block/beehive/work4	-26.5
block/bell/bell_use01	-27.6
block/bell/bell_use02	-26.8
block/bell/resonate	-21.1
block/big_dripleaf/break1	-32.2
block/big_dripleaf/break2	-32.1
block/big_dripleaf/break3	-32.9
block/big_dripleaf/break4	-32.7
block/big_dripleaf/break5	-32.4
block/big_dripleaf/break6	-31.3
block/big_dripleaf/step1	-34.3
block/big_dripleaf/step2	-35.0
block/big_dripleaf/step3	-37.5
block/big_dripleaf/step4	-36.7
block/big_dripleaf/step5	-36.0
block/big_dripleaf/step6	-37.8
block/big_dripleaf/tilt_down1	-33.4
block/big_dripleaf/tilt_down2	-31.0
block/big_dripleaf/tilt_down3	-32.8
block/big_dripleaf/tilt_down4	-32.5
block/big_dripleaf/tilt_down5	-33.9
block/big_dripleaf/tilt_up1	-36.8
block/big_dripleaf/tilt_up2	-36.7
block/big_dripleaf/tilt_up3	-38.8
block/big_dripleaf/tilt_up4	-36.2
block/blastfurnace/blastfurnace1	-40.1
block/blastfurnace/blastfurnace2	-43.2
block/blastfurnace/blastfurnace3	-42.0
block/blastfurnace/blastfurnace4	-39.4
block/blastfurnace/blastfurnace5	-43.3
block/bone_block/break1	-24.6
block/bone_block/break2	-26.9
block/bone_block/break3	-26.4
block/bone_block/break4	-25.4
block/bone_block/break5	-25.3
block/bone_block/step1	-30.6
block/bone_block/step2	-31.5
block/bone_block/step3	-33.9
block/bone_block/step4	-28.9
block/bone_block/step5	-29.3
block/brewing_stand/brew1	-18.5
block/brewing_stand/brew2	-20.0
block/bubble_column/bubble1	-31.8
block/bubble_column/bubble2	-27.8
block/bubble_column/bubble3	-33.4
block/bubble_column/upwards_ambient1	-23.9
block/bubble_column/upwards_ambient2	-24.3
block/bubble_column/upwards_ambient3	-30.0
block/bubble_column/upwards_ambient4	-28.4
block/bubble_column/upwards_ambient5	-28.0
block/bubble_column/upwards_inside	-20.9
block/bubble_column/whirlpool_ambient1	-24.6
block/bubble_column/whirlpool_ambient2	-29.6
block/bubble_column/whirlpool_ambient3	-31.5
block/bubble_column/whirlpool_ambient4	-28.2
block/bubble_column/whirlpool_ambient5	-26.1
block/bubble_column/whirlpool_inside	-18.3
block/cactus_flower/break1	-26.0
block/cactus_flower/break2	-27.5
block/cactus_flower/break3	-31.4
block/cactus_flower/break4	-28.0
block/cactus_flower/break5	-25.6
block/cactus_flower/place1	-26.2
block/cactus_flower/place2	-26.3
block/cactus_flower/place3	-29.9
block/cactus_flower/place4	-25.5
block/cake/add_candle1	-33.0
block/cake/add_candle2	-37.5
block/cake/add_candle3	-35.2
block/calcite/break1	-27.6
block/calcite/break2	-29.4
block/calcite/break3	-27.9
block/calcite/break4	-29.0
block/calcite/place1	-30.9
block/calcite/place2	-32.2
block/calcite/place3	-30.9
block/calcite/place4	-31.4
block/calcite/step1	-31.6
block/calcite/step2	-35.1
block/calcite/step3	-38.0
block/calcite/step4	-36.7
block/calcite/step5	-32.0
block/calcite/step6	-35.4
block/campfire/crackle1	-39.0
block/campfire/crackle2	-42.4
block/campfire/crackle3	-37.5
block/campfire/crackle4	-40.1
block/campfire/crackle5	-36.3
block/campfire/crackle6	-43.5
block/candle/ambient1	-58.8
block/candle/ambient2	-61.0
block/candle/ambient3	-61.6
block/candle/ambient4	-59.7
block/candle/ambient5	-56.3
block/candle/ambient6	-57.3
block/candle/ambient7	-55.0
block/candle/ambient8	-56.8
block/candle/ambient9	-57.6
block/candle/break1	-36.9
block/candle/break2	-36.8
block/candle/break3	-33.5
block/candle/break4	-32.6
block/candle/break5	-36.1
block/candle/extinguish1	-36.5
block/candle/extinguish2	-36.8
block/candle/extinguish3	-36.6
block/candle/step1	-36.9
block/candle/step2	-37.4
block/candle/step3	-39.7
block/candle/step4	-35.1
block/candle/step5	-38.5
block/cauldron/dye1	-27.2
block/cauldron/dye2	-27.5
block/cauldron/dye3	-25.4
block/cave_vines/break1	-31.9
block/cave_vines/break2	-32.1
block/cave_vines/break3	-32.8
block/cave_vines/break4	-33.0
block/cave_vines/break5	-32.8
block/chain/break1	-18.3
block/chain/break2	-20.9
block/chain/break3	-19.6
block/chain/break4	-20.6
block/chain/step1	-29.1
block/chain/step2	-25.1
block/chain/step3	-29.2
block/chain/step4	-24.8
block/chain/step5	-26.7
block/chain/step6	-23.3
block/cherry_leaves/break1	-33.8
block/cherry_leaves/break2	-33.1
block/cherry_leaves/break3	-31.7
block/cherry_leaves/break4	-34.4
block/cherry_leaves/break5	-32.2
block/cherry_leaves/step1	-30.3
block/cherry_leaves/step2	-30.2
block/cherry_leaves/step3	-28.9
block/cherry_leaves/step4	-29.2
block/cherry_leaves/step5	-29.9
block/cherry_wood/break1	-26.8
block/cherry_wood/break2	-27.5
block/cherry_wood/break3	-27.4
block/cherry_wood/break4	-27.6
block/cherry_wood/break5	-26.2
block/cherry_wood/step1	-25.6
block/cherry_wood/step2	-25.5
block/cherry_wood/step3	-22.3
block/cherry_wood/step4	-25.5
block/cherry_wood/step5	-24.0
block/cherry_wood/step6	-25.0
block/cherry_wood_hanging_sign/break1	-26.5
block/cherry_wood_hanging_sign/break2	-27.7
block/cherry_wood_hanging_sign/break3	-27.5
block/cherry_wood_hanging_sign/break4	-27.3
block/cherry_wood_hanging_sign/step1	-25.5
block/cherry_wood_hanging_sign/step2	-25.3
block/cherry_wood_hanging_sign/step3	-22.4
block/cherry_wood_hanging_sign/step4	-25.5
block/cherrywood_button/cherrywood_click	-23.8
block/cherrywood_door/toggle1	-24.1
block/cherrywood_door/toggle2	-24.4
block/cherrywood_door/toggle3	-24.8
block/cherrywood_door/toggle4	-26.1
block/cherrywood_fence_gate/toggle1	-23.3
block/cherrywood_fence_gate/toggle2	-20.9
block/cherrywood_fence_gate/toggle3	-23.5
block/cherrywood_trapdoor/toggle1	-25.8
block/cherrywood_trapdoor/toggle2	-25.6
block/cherrywood_trapdoor/toggle3	-26.6
block/chest/close1	-19.8
block/chest/close2	-19.8
block/chest/close3	-21.8
block/chest/close_locked	-19.3
block/chest/open	-21.1
block/chest/open_locked	-24.0
block/chiseled_bookshelf/break1	-29.5
block/chiseled_bookshelf/break2	-28.0
block/chiseled_bookshelf/break3	-30.1
block/chiseled_bookshelf/break4	-30.4
block/chiseled_bookshelf/break5	-31.5
block/chiseled_bookshelf/break6	-27.4
block/chiseled_bookshelf/insert1	-29.1
block/chiseled_bookshelf/insert2	-30.3
block/chiseled_bookshelf/insert3	-30.7
block/chiseled_bookshelf/insert4	-31.9
block/chiseled_bookshelf/insert_enchanted1	-30.1
block/chiseled_bookshelf/insert_enchanted2	-31.2
block/chiseled_bookshelf/insert_enchanted3	-31.6
block/chiseled_bookshelf/insert_enchanted4	-32.8
block/chiseled_bookshelf/pickup1	-26.0
block/chiseled_bookshelf/pickup2	-27.4
block/chiseled_bookshelf/pickup3	-28.2
block/chiseled_bookshelf/pickup_enchanted1	-27.0
block/chiseled_bookshelf/pickup_enchanted2	-28.5
block/chiseled_bookshelf/pickup_enchanted3	-29.2
block/chiseled_bookshelf/step1	-29.9
block/chiseled_bookshelf/step2	-33.7
block/chiseled_bookshelf/step3	-32.2
block/chiseled_bookshelf/step4	-32.2
block/chiseled_bookshelf/step5	-31.8
block/chorus_flower/death1	-39.4
block/chorus_flower/death2	-33.1
block/chorus_flower/death3	-35.7
block/chorus_flower/grow1	-34.3
block/chorus_flower/grow2	-36.4
block/chorus_flower/grow3	-33.1
block/chorus_flower/grow4	-34.6
block/cinnabar/break1	-33.8
block/cinnabar/break2	-33.9
block/cinnabar/break3	-32.0
block/cinnabar/break4	-33.2
block/cinnabar/break5	-33.9
block/cinnabar/break6	-33.7
block/cinnabar/break7	-31.6
block/cinnabar/hit1	-30.2
block/cinnabar/hit2	-32.6
block/cinnabar/hit3	-30.2
block/cinnabar/hit4	-32.1
block/cinnabar/hit5	-31.7
block/cinnabar/hit6	-31.8
block/cinnabar/hit7	-29.4
block/cinnabar/place1	-34.6
block/cinnabar/place2	-33.8
block/cinnabar/place3	-31.3
block/cinnabar/place4	-32.7
block/cinnabar/place5	-32.0
block/cinnabar/place6	-31.8
block/cinnabar/place7	-31.1
block/cinnabar/step1	-27.2
block/cinnabar/step2	-31.5
block/cinnabar/step3	-29.4
block/cinnabar/step4	-31.1
block/cinnabar/step5	-28.7
block/cinnabar/step6	-31.6
block/cinnabar/step7	-27.0
block/cobweb/break1	-31.0
block/cobweb/break2	-30.6
block/cobweb/break3	-31.8
block/cobweb/break4	-30.5
block/cobweb/break5	-30.7
block/cobweb/break6	-31.3
block/cobweb/step1	-30.1
block/cobweb/step2	-31.4
block/cobweb/step3	-31.7
block/cobweb/step4	-31.4
block/cobweb/step5	-30.9
block/cobweb/step6	-31.5
block/composter/empty1	-26.4
block/composter/empty2	-26.2
block/composter/empty3	-24.3
block/composter/fill1	-30.9
block/composter/fill2	-30.7
block/composter/fill3	-32.0
block/composter/fill4	-29.9
block/composter/fill_success1	-23.6
block/composter/fill_success2	-23.4
block/composter/fill_success3	-25.8
block/composter/fill_success4	-24.3
block/composter/ready1	-30.1
block/composter/ready2	-29.8
block/composter/ready3	-31.5
block/composter/ready4	-29.1
block/conduit/activate	-23.0
block/conduit/ambient	-22.5
block/conduit/attack1	-29.5
block/conduit/attack2	-28.0
block/conduit/attack3	-28.3
block/conduit/deactivate	-10.2
block/conduit/short1	-40.9
block/conduit/short2	-37.8
block/conduit/short3	-39.3
block/conduit/short4	-40.7
block/conduit/short5	-46.5
block/conduit/short6	-40.9
block/conduit/short7	-29.5
block/conduit/short8	-36.9
block/conduit/short9	-40.6
block/copper/break1	-32.8
block/copper/break2	-32.8
block/copper/break3	-34.4
block/copper/break4	-31.9
block/copper/step1	-33.8
block/copper/step2	-33.9
block/copper/step3	-36.1
block/copper/step4	-32.3
block/copper/step5	-31.8
block/copper/step6	-32.3
block/copper_bulb/break1	-32.6
block/copper_bulb/break2	-33.2
block/copper_bulb/break3	-32.3
block/copper_bulb/break4	-33.2
block/copper_bulb/place1	-30.9
block/copper_bulb/place2	-31.5
block/copper_bulb/place3	-31.6
block/copper_bulb/place4	-31.7
block/copper_bulb/step1	-32.9
block/copper_bulb/step2	-33.2
block/copper_bulb/step3	-33.3
block/copper_bulb/step4	-32.6
block/copper_bulb/step5	-32.4
block/copper_bulb/step6	-33.7
block/copper_bulb/toggle	-38.2
block/copper_chest/copper_chest_close1	-18.8
block/copper_chest/copper_chest_close2	-20.9
block/copper_chest/copper_chest_close3	-21.2
block/copper_chest/copper_chest_open1	-20.2
block/copper_chest/copper_chest_open2	-20.8
block/copper_chest/copper_chest_open3	-20.5
block/copper_chest/copper_chest_oxidized_close1	-20.6
block/copper_chest/copper_chest_oxidized_close2	-21.1
block/copper_chest/copper_chest_oxidized_close3	-19.8
block/copper_chest/copper_chest_oxidized_open1	-21.4
block/copper_chest/copper_chest_oxidized_open2	-20.3
block/copper_chest/copper_chest_oxidized_open3	-20.0
block/copper_chest/copper_chest_weathered_close1	-19.2
block/copper_chest/copper_chest_weathered_close2	-19.6
block/copper_chest/copper_chest_weathered_close3	-19.7
block/copper_chest/copper_chest_weathered_open1	-22.6
block/copper_chest/copper_chest_weathered_open2	-23.2
block/copper_chest/copper_chest_weathered_open3	-23.0
block/copper_door/toggle1	-26.4
block/copper_door/toggle2	-28.0
block/copper_door/toggle3	-25.9
block/copper_grate/break1	-32.6
block/copper_grate/break2	-34.2
block/copper_grate/break3	-34.1
block/copper_grate/break4	-31.7
block/copper_grate/step1	-33.2
block/copper_grate/step2	-32.7
block/copper_grate/step3	-33.5
block/copper_grate/step4	-31.1
block/copper_grate/step5	-33.0
block/copper_grate/step6	-33.9
block/copper_statue/become_statue1	-33.4
block/copper_statue/become_statue2	-32.9
block/copper_statue/become_statue3	-33.6
block/copper_statue/become_statue4	-33.3
block/copper_statue/break1	-31.3
block/copper_statue/break2	-30.7
block/copper_statue/break3	-31.3
block/copper_statue/hit1	-31.1
block/copper_statue/hit2	-30.4
block/copper_statue/hit3	-29.6
block/copper_statue/hit4	-29.8
block/copper_statue/place1	-32.2
block/copper_statue/place2	-32.8
block/copper_statue/place3	-31.2
block/copper_statue/place4	-33.2
block/copper_trapdoor/toggle1	-26.7
block/copper_trapdoor/toggle2	-26.0
block/copper_trapdoor/toggle3	-26.1
block/copper_trapdoor/toggle4	-25.9
block/crafter/craft	-31.2
block/crafter/fail	-39.6
block/creaking_heart/break/creaking_heart_break	-16.1
block/creaking_heart/fall/creaking_heart_fall	-20.5
block/creaking_heart/hit/creaking_heart_hit1	-15.2
block/creaking_heart/hit/creaking_heart_hit2	-15.9
block/creaking_heart/hit/creaking_heart_hit3	-14.3
block/creaking_heart/hit/creaking_heart_hit4	-14.5
block/creaking_heart/hit/creaking_heart_hit5	-15.1
block/creaking_heart/hurt/trail1	-40.5
block/creaking_heart/hurt/trail2	-46.3
block/creaking_heart/hurt/trail3	-36.4
block/creaking_heart/hurt/trail4	-41.0
block/creaking_heart/hurt/trail5	-32.8
block/creaking_heart/hurt/trail6	-41.3
block/creaking_heart/hurt/trail7	-51.5
block/creaking_heart/idle/creaking_heart_idle1	-38.1
block/creaking_heart/idle/creaking_heart_idle2	-32.0
block/creaking_heart/idle/creaking_heart_idle3	-39.5
block/creaking_heart/idle/creaking_heart_idle4	-36.0
block/creaking_heart/place/creaking_heart_place1	-21.6
block/creaking_heart/place/creaking_heart_place2	-23.7
block/creaking_heart/place/creaking_heart_place3	-21.1
block/creaking_heart/place/creaking_heart_place4	-21.1
block/creaking_heart/spawnmob/creaking_heart_spawnmob	-20.3
block/creaking_heart/step/creaking_heart_step1	-27.6
block/creaking_heart/step/creaking_heart_step2	-30.2
block/creaking_heart/step/creaking_heart_step3	-27.8
block/creaking_heart/step/creaking_heart_step4	-29.5
block/creaking_heart/step/creaking_heart_step5	-27.2
block/creaking_heart/step/creaking_heart_step6	-27.8
block/deadbush/sandblock_version/bushrustle1	-63.2
block/deadbush/sandblock_version/bushrustle2	-59.1
block/deadbush/sandblock_version/bushrustle3	-56.2
block/deadbush/sandblock_version/creakysand1	-67.7
block/deadbush/sandblock_version/crickets	-59.7
block/deadbush/sandblock_version/howlingwind1	-58.5
block/deadbush/sandblock_version/insect1	-56.8
block/deadbush/sandblock_version/leaves	-49.7
block/deadbush/sandblock_version/movingsand1	-61.1
block/deadbush/sandblock_version/movingsand2	-58.4
block/deadbush/sandblock_version/movingsand3	-54.8
block/decorated_pot/break1	-27.9
block/decorated_pot/break2	-27.5
block/decorated_pot/break3	-29.6
block/decorated_pot/break4	-28.0
block/decorated_pot/insert1	-23.9
block/decorated_pot/insert2	-24.4
block/decorated_pot/insert3	-24.6
block/decorated_pot/insert4	-24.1
block/decorated_pot/insert_fail1	-27.3
block/decorated_pot/insert_fail2	-27.5
block/decorated_pot/insert_fail3	-29.9
block/decorated_pot/insert_fail4	-28.5
block/decorated_pot/insert_fail5	-30.6
block/decorated_pot/shatter1	-21.2
block/decorated_pot/shatter2	-21.7
block/decorated_pot/shatter3	-21.5
block/decorated_pot/shatter4	-22.6
block/decorated_pot/shatter5	-22.0
block/decorated_pot/step1	-26.2
block/decorated_pot/step2	-27.8
block/decorated_pot/step3	-28.3
block/decorated_pot/step4	-27.4
block/decorated_pot/step5	-28.1
block/deepslate/break1	-30.7
block/deepslate/break2	-32.7
block/deepslate/break3	-29.7
block/deepslate/break4	-30.6
block/deepslate/place1	-29.8
block/deepslate/place2	-29.4
block/deepslate/place3	-30.9
block/deepslate/place4	-28.5
block/deepslate/place5	-29.0
block/deepslate/place6	-29.8
block/deepslate/step1	-33.1
block/deepslate/step2	-31.1
block/deepslate/step3	-32.8
block/deepslate/step4	-30.1
block/deepslate/step5	-34.5
block/deepslate/step6	-28.3
block/deepslate_bricks/place1	-26.4
block/deepslate_bricks/place2	-28.8
block/deepslate_bricks/place3	-30.9
block/deepslate_bricks/place4	-28.4
block/deepslate_bricks/place5	-30.2
block/deepslate_bricks/place6	-30.6
block/deepslate_bricks/step1	-29.0
block/deepslate_bricks/step2	-26.8
block/deepslate_bricks/step3	-28.5
block/deepslate_bricks/step4	-25.2
block/deepslate_bricks/step5	-30.7
block/dried_ghast/ambient1	-36.5
block/dried_ghast/ambient2	-34.6
block/dried_ghast/ambient3	-35.4
block/dried_ghast/ambient4	-35.7
block/dried_ghast/ambient_water1	-35.0
block/dried_ghast/ambient_water2	-39.9
block/dried_ghast/break	-22.6
block/dried_ghast/place1	-32.2
block/dried_ghast/place2	-32.9
block/dried_ghast/place3	-34.0
block/dried_ghast/place4	-33.4
block/dried_ghast/place5	-35.0
block/dried_ghast/place6	-33.2
block/dried_ghast/placeinwater	-22.0
block/dried_ghast/step1	-33.9
block/dried_ghast/step2	-30.8
block/dried_ghast/step3	-33.7
block/dried_ghast/step4	-33.6
block/dried_ghast/step5	-34.9
block/dried_ghast/step6	-34.2
block/dried_ghast/transition	-34.5
block/dripstone/break1	-29.5
block/dripstone/break2	-30.2
block/dripstone/break3	-29.4
block/dripstone/break4	-31.2
block/dripstone/break5	-29.6
block/dripstone/step1	-30.2
block/dripstone/step2	-32.8
block/dripstone/step3	-33.0
block/dripstone/step4	-31.2
block/dripstone/step5	-32.9
block/dripstone/step6	-33.6
block/dry_grass/wind1	-51.8
block/dry_grass/wind10	-62.9
block/dry_grass/wind11	-69.1
block/dry_grass/wind12	-64.0
block/dry_grass/wind2	-60.5
block/dry_grass/wind3	-56.4
block/dry_grass/wind4	-61.1
block/dry_grass/wind5	-61.8
block/dry_grass/wind6	-58.6
block/dry_grass/wind7	-67.1
block/dry_grass/wind8	-59.5
block/dry_grass/wind9	-65.7
block/enchantment_table/enchant1	-23.2
block/enchantment_table/enchant2	-23.8
block/enchantment_table/enchant3	-23.7
block/end_portal/endportal	-9.2
block/end_portal/eyeplace1	-28.1
block/end_portal/eyeplace2	-28.2
block/end_portal/eyeplace3	-25.6
block/enderchest/close	-15.5
block/enderchest/open	-17.8
block/eyeblossom/eyeblossom_close1	-52.9
block/eyeblossom/eyeblossom_close2	-59.7
block/eyeblossom/eyeblossom_close3	-64.8
block/eyeblossom/eyeblossom_close_long	-59.5
block/eyeblossom/eyeblossom_idle1	-76.8
block/eyeblossom/eyeblossom_idle2	-61.9
block/eyeblossom/eyeblossom_idle3	-58.3
block/eyeblossom/eyeblossom_idle4	-51.9
block/eyeblossom/eyeblossom_idle5	-58.8
block/eyeblossom/eyeblossom_idle6	-61.6
block/eyeblossom/eyeblossom_open1	-42.2
block/eyeblossom/eyeblossom_open2	-55.2
block/eyeblossom/eyeblossom_open3	-44.0
block/eyeblossom/eyeblossom_open4	-42.3
block/eyeblossom/eyeblossom_open_long	-57.1
block/fence_gate/close1	-21.6
block/fence_gate/close2	-21.4
block/fence_gate/open1	-21.0
block/fence_gate/open2	-21.2
block/firefly_bush/firefly_bush1	-42.2
block/firefly_bush/firefly_bush10	-43.1
block/firefly_bush/firefly_bush11	-65.9
block/firefly_bush/firefly_bush2	-50.4
block/firefly_bush/firefly_bush3	-65.6
block/firefly_bush/firefly_bush4	-48.7
block/firefly_bush/firefly_bush5	-47.6
block/firefly_bush/firefly_bush6	-58.9
block/firefly_bush/firefly_bush7	-41.8
block/firefly_bush/firefly_bush8	-49.0
block/firefly_bush/firefly_bush9	-48.0
block/fletching_table/fletching_table1	-17.1
block/fletching_table/fletching_table2	-17.8
block/froglight/break1	-21.9
block/froglight/break2	-23.4
block/froglight/break3	-19.8
block/froglight/break4	-21.5
block/froglight/step1	-24.9
block/froglight/step2	-22.5
block/froglight/step3	-24.4
block/froglight/step4	-21.6
block/froglight/step5	-22.5
block/froglight/step6	-23.8
block/frogspawn/break1	-22.4
block/frogspawn/break2	-23.5
block/frogspawn/break3	-18.3
block/frogspawn/break4	-18.5
block/frogspawn/hatch1	-20.5
block/frogspawn/hatch2	-21.2
block/frogspawn/hatch3	-23.5
block/frogspawn/hatch4	-23.5
block/frogspawn/hatch5	-21.4
block/frogspawn/step1	-24.7
block/frogspawn/step2	-27.4
block/frogspawn/step3	-23.1
block/frogspawn/step4	-21.2
block/frogspawn/step5	-26.4
block/frogspawn/step6	-22.1
block/fungus/break1	-30.7
block/fungus/break2	-29.2
block/fungus/break3	-33.8
block/fungus/break4	-31.9
block/fungus/break5	-28.5
block/fungus/break6	-30.4
block/furnace/fire_crackle1	-49.4
block/furnace/fire_crackle2	-47.9
block/furnace/fire_crackle3	-44.8
block/furnace/fire_crackle4	-47.4
block/furnace/fire_crackle5	-47.6
block/grindstone/grindstone1	-19.1
block/grindstone/grindstone2	-20.2
block/grindstone/grindstone3	-17.1
block/hanging_roots/break1	-32.4
block/hanging_roots/break2	-34.4
block/hanging_roots/break3	-33.4
block/hanging_roots/break4	-35.5
block/hanging_roots/step1	-35.0
block/hanging_roots/step2	-37.7
block/hanging_roots/step3	-37.4
block/hanging_roots/step4	-36.2
block/hanging_roots/step5	-34.0
block/hanging_roots/step6	-35.1
block/hanging_sign/break1	-25.8
block/hanging_sign/break2	-28.0
block/hanging_sign/break3	-29.0
block/hanging_sign/break4	-28.9
block/hanging_sign/step1	-27.8
block/hanging_sign/step2	-30.2
block/hanging_sign/step3	-28.2
block/hanging_sign/step4	-28.9
block/heavy_core/break1	-26.9
block/heavy_core/break2	-26.0
block/heavy_core/break3	-28.4
block/heavy_core/break4	-26.4
block/heavy_core/step1	-29.6
block/heavy_core/step2	-31.5
block/heavy_core/step3	-31.9
block/heavy_core/step4	-33.0
block/honeyblock/break1	-30.4
block/honeyblock/break2	-30.8
block/honeyblock/break3	-30.1
block/honeyblock/break4	-29.4
block/honeyblock/break5	-28.4
block/honeyblock/slide1	-37.3
block/honeyblock/slide2	-38.0
block/honeyblock/slide3	-42.0
block/honeyblock/slide4	-40.9
block/honeyblock/step1	-26.1
block/honeyblock/step2	-25.3
block/honeyblock/step3	-25.3
block/honeyblock/step4	-22.5
block/honeyblock/step5	-27.9
block/iron/break1	-25.9
block/iron/break2	-24.7
block/iron/break3	-25.2
block/iron/break4	-24.2
block/iron/break5	-26.0
block/iron/break6	-24.2
block/iron/break7	-26.6
block/iron/break8	-26.1
block/iron/step1	-33.0
block/iron/step2	-33.4
block/iron/step3	-30.8
block/iron/step4	-30.4
block/iron_door/close1	-21.2
block/iron_door/close2	-20.3
block/iron_door/close3	-20.8
block/iron_door/close4	-20.8
block/iron_door/open1	-22.6
block/iron_door/open2	-20.8
block/iron_door/open3	-23.4
block/iron_door/open4	-22.2
block/iron_trapdoor/close1	-22.6
block/iron_trapdoor/close2	-25.4
block/iron_trapdoor/close3	-23.1
block/iron_trapdoor/close4	-22.0
block/iron_trapdoor/open1	-27.6
block/iron_trapdoor/open2	-27.1
block/iron_trapdoor/open3	-26.2
block/iron_trapdoor/open4	-27.2
block/lantern/break1	-22.5
block/lantern/break2	-25.6
block/lantern/break3	-23.8
block/lantern/break4	-23.3
block/lantern/break5	-25.1
block/lantern/break6	-24.8
block/lantern/place1	-25.1
block/lantern/place2	-25.6
block/lantern/place3	-26.4
block/lantern/place4	-25.5
block/lantern/place5	-27.1
block/lantern/place6	-24.7
block/leaf_litter/break1	-30.8
block/leaf_litter/break2	-32.3
block/leaf_litter/break3	-28.8
block/leaf_litter/break4	-31.3
block/leaf_litter/break5	-34.4
block/leaf_litter/place1	-38.5
block/leaf_litter/place2	-37.4
block/leaf_litter/place3	-36.4
block/leaf_litter/place4	-42.6
block/leaf_litter/place5	-40.0
block/leaf_litter/step1	-32.0
block/leaf_litter/step2	-30.9
block/leaf_litter/step3	-29.7
block/leaf_litter/step4	-30.1
block/leaf_litter/step5	-32.8
block/leaf_litter/step6	-30.8
block/lodestone/lock1	-26.8
block/lodestone/lock2	-27.4
block/lodestone/place1	-28.4
block/lodestone/place2	-29.0
block/lodestone/place3	-28.4
block/lodestone/place4	-27.5
block/mangrove_roots/break1	-15.1
block/mangrove_roots/break2	-17.6
block/mangrove_roots/break3	-14.6
block/mangrove_roots/break4	-16.0
block/mangrove_roots/break5	-16.8
block/mangrove_roots/break6	-18.6
block/mangrove_roots/step1	-21.3
block/mangrove_roots/step2	-23.5
block/mangrove_roots/step3	-21.1
block/mangrove_roots/step4	-20.1
block/mangrove_roots/step5	-19.4
block/mangrove_roots/step6	-21.9
block/moss/break1	-34.5
block/moss/break2	-35.3
block/moss/break3	-32.7
block/moss/break4	-36.5
block/moss/break5	-34.7
block/moss/step1	-35.3
block/moss/step2	-35.3
block/moss/step3	-34.1
block/moss/step4	-33.6
block/moss/step5	-33.4
block/moss/step6	-36.4
block/mud/break1	-21.9
block/mud/break2	-20.1
block/mud/break3	-22.7
block/mud/break4	-21.0
block/mud/break5	-20.5
block/mud/break6	-19.8
block/mud/step1	-23.3
block/mud/step2	-23.3
block/mud/step3	-19.0
block/mud/step4	-21.0
block/mud/step5	-21.2
block/mud/step6	-24.8
block/mud_bricks/break1	-22.8
block/mud_bricks/break2	-20.2
block/mud_bricks/break3	-23.3
block/mud_bricks/break4	-20.6
block/mud_bricks/break5	-21.0
block/mud_bricks/break6	-19.3
block/mud_bricks/step1	-19.7
block/mud_bricks/step2	-21.1
block/mud_bricks/step3	-21.4
block/mud_bricks/step4	-21.5
block/mud_bricks/step5	-18.7
block/mud_bricks/step6	-20.5
block/muddy_mangrove_roots/break1	-17.3
block/muddy_mangrove_roots/break2	-17.6
block/muddy_mangrove_roots/break3	-17.3
block/muddy_mangrove_roots/break4	-17.1
block/muddy_mangrove_roots/break5	-17.2
block/muddy_mangrove_roots/break6	-17.8
block/muddy_mangrove_roots/step1	-16.9
block/muddy_mangrove_roots/step2	-16.7
block/muddy_mangrove_roots/step3	-14.4
block/muddy_mangrove_roots/step4	-16.1
block/muddy_mangrove_roots/step5	-16.1
block/muddy_mangrove_roots/step6	-17.9
block/nether_bricks/break1	-21.5
block/nether_bricks/break2	-21.9
block/nether_bricks/break3	-23.5
block/nether_bricks/break4	-25.9
block/nether_bricks/break5	-23.2
block/nether_bricks/break6	-26.6
block/nether_bricks/step1	-21.6
block/nether_bricks/step2	-22.7
block/nether_bricks/step3	-24.3
block/nether_bricks/step4	-23.8
block/nether_bricks/step5	-25.4
block/nether_bricks/step6	-24.0
block/nether_ore/break1	-25.8
block/nether_ore/break2	-23.8
block/nether_ore/break3	-25.9
block/nether_ore/break4	-26.8
block/nether_ore/step1	-26.4
block/nether_ore/step2	-24.9
block/nether_ore/step3	-24.3
block/nether_ore/step4	-25.7
block/nether_ore/step5	-26.9
block/nether_sprouts/break1	-29.7
block/nether_sprouts/break2	-27.0
block/nether_sprouts/break3	-30.5
block/nether_sprouts/break4	-28.1
block/nether_sprouts/step1	-20.6
block/nether_sprouts/step2	-22.4
block/nether_sprouts/step3	-18.4
block/nether_sprouts/step4	-22.4
block/nether_sprouts/step5	-20.9
block/nether_wood/break1	-26.0
block/nether_wood/break2	-28.1
block/nether_wood/break3	-29.1
block/nether_wood/break4	-28.7
block/nether_wood/step1	-23.8
block/nether_wood/step2	-22.9
block/nether_wood/step3	-22.3
block/nether_wood/step4	-26.2
block/nether_wood/step5	-22.5
block/nether_wood_button/nether_wood_button	-25.3
block/nether_wood_door/toggle1	-24.0
block/nether_wood_door/toggle2	-26.5
block/nether_wood_door/toggle3	-27.5
block/nether_wood_door/toggle4	-28.6
block/nether_wood_fence/toggle1	-25.1
block/nether_wood_fence/toggle2	-25.1
block/nether_wood_fence/toggle3	-28.9
block/nether_wood_fence/toggle4	-26.8
block/nether_wood_hanging_sign/break1	-30.0
block/nether_wood_hanging_sign/break2	-30.8
block/nether_wood_hanging_sign/break3	-30.6
block/nether_wood_hanging_sign/break4	-30.4
block/nether_wood_hanging_sign/step1	-31.0
block/nether_wood_hanging_sign/step2	-29.1
block/nether_wood_hanging_sign/step3	-31.2
block/nether_wood_hanging_sign/step4	-28.2
block/nether_wood_trapdoor/toggle1	-25.2
block/nether_wood_trapdoor/toggle2	-26.8
block/nether_wood_trapdoor/toggle3	-28.8
block/nether_wood_trapdoor/toggle4	-28.6
block/netherite/break1	-28.7
block/netherite/break2	-29.2
block/netherite/break3	-28.4
block/netherite/break4	-27.5
block/netherite/step1	-27.1
block/netherite/step2	-23.6
block/netherite/step3	-27.8
block/netherite/step4	-22.6
block/netherite/step5	-27.7
block/netherite/step6	-21.7
block/netherrack/break1	-25.7
block/netherrack/break2	-26.3
block/netherrack/break3	-25.3
block/netherrack/break4	-25.2
block/netherrack/break5	-26.1
block/netherrack/break6	-26.4
block/netherrack/step1	-25.4
block/netherrack/step2	-24.7
block/netherrack/step3	-26.2
block/netherrack/step4	-26.1
block/netherrack/step5	-25.8
block/netherrack/step6	-24.8
block/netherwart/break1	-29.4
block/netherwart/break2	-28.8
block/netherwart/break3	-31.5
block/netherwart/break4	-29.5
block/netherwart/break5	-28.6
block/netherwart/break6	-29.3
block/netherwart/step1	-31.0
block/netherwart/step2	-28.7
block/netherwart/step3	-28.9
block/netherwart/step4	-33.5
block/netherwart/step5	-30.1
block/nylium/break1	-23.2
block/nylium/break2	-25.3
block/nylium/break3	-25.0
block/nylium/break4	-24.6
block/nylium/break5	-25.7
block/nylium/break6	-26.4
block/nylium/step1	-26.0
block/nylium/step2	-24.6
block/nylium/step3	-27.0
block/nylium/step4	-23.5
block/nylium/step5	-23.5
block/nylium/step6	-25.2
block/packed_mud/break1	-18.9
block/packed_mud/break2	-22.4
block/packed_mud/break3	-20.5
block/packed_mud/break4	-21.4
block/packed_mud/break5	-20.9
block/packed_mud/break6	-20.2
block/packed_mud/step1	-24.5
block/packed_mud/step2	-22.0
block/packed_mud/step3	-20.8
block/packed_mud/step4	-19.8
block/packed_mud/step5	-19.7
block/packed_mud/step6	-19.0
block/pale_hanging_moss/pale_hanging_moss1	-50.7
block/pale_hanging_moss/pale_hanging_moss10	-47.4
block/pale_hanging_moss/pale_hanging_moss11	-56.5
block/pale_hanging_moss/pale_hanging_moss12	-53.8
block/pale_hanging_moss/pale_hanging_moss13	-47.0
block/pale_hanging_moss/pale_hanging_moss14	-46.3
block/pale_hanging_moss/pale_hanging_moss15	-41.1
block/pale_hanging_moss/pale_hanging_moss2	-49.7
block/pale_hanging_moss/pale_hanging_moss3	-81.1
block/pale_hanging_moss/pale_hanging_moss4	-66.3
block/pale_hanging_moss/pale_hanging_moss5	-68.1
block/pale_hanging_moss/pale_hanging_moss6	-54.0
block/pale_hanging_moss/pale_hanging_moss7	-44.3
block/pale_hanging_moss/pale_hanging_moss8	-48.2
block/pale_hanging_moss/pale_hanging_moss9	-52.3
block/pointed_dripstone/drip_lava1	-40.2
block/pointed_dripstone/drip_lava2	-40.0
block/pointed_dripstone/drip_lava3	-44.6
block/pointed_dripstone/drip_lava4	-42.3
block/pointed_dripstone/drip_lava5	-44.4
block/pointed_dripstone/drip_lava6	-46.0
block/pointed_dripstone/drip_lava_cauldron1	-39.7
block/pointed_dripstone/drip_lava_cauldron2	-42.0
block/pointed_dripstone/drip_lava_cauldron3	-41.6
block/pointed_dripstone/drip_lava_cauldron4	-39.4
block/pointed_dripstone/drip_water1	-46.0
block/pointed_dripstone/drip_water10	-50.8
block/pointed_dripstone/drip_water11	-48.6
block/pointed_dripstone/drip_water12	-52.1
block/pointed_dripstone/drip_water13	-45.5
block/pointed_dripstone/drip_water14	-47.8
block/pointed_dripstone/drip_water15	-46.2
block/pointed_dripstone/drip_water2	-44.8
block/pointed_dripstone/drip_water3	-49.5
block/pointed_dripstone/drip_water4	-52.1
block/pointed_dripstone/drip_water5	-44.6
block/pointed_dripstone/drip_water6	-43.6
block/pointed_dripstone/drip_water7	-52.7
block/pointed_dripstone/drip_water8	-49.8
block/pointed_dripstone/drip_water9	-53.0
block/pointed_dripstone/drip_water_cauldron1	-41.9
block/pointed_dripstone/drip_water_cauldron2	-44.3
block/pointed_dripstone/drip_water_cauldron3	-41.7
block/pointed_dripstone/drip_water_cauldron4	-40.2
block/pointed_dripstone/drip_water_cauldron5	-48.1
block/pointed_dripstone/drip_water_cauldron6	-42.1
block/pointed_dripstone/drip_water_cauldron7	-44.7
block/pointed_dripstone/drip_water_cauldron8	-45.4
block/pointed_dripstone/land1	-24.8
block/pointed_dripstone/land2	-26.6
block/pointed_dripstone/land3	-26.5
block/pointed_dripstone/land4	-25.9
block/pointed_dripstone/land5	-25.8
block/poplar_leaves/ambient1	-57.8
block/poplar_leaves/ambient10	-73.5
block/poplar_leaves/ambient11	-68.8
block/poplar_leaves/ambient12	-66.3
block/poplar_leaves/ambient13	-71.9
block/poplar_leaves/ambient14	-72.2
block/poplar_leaves/ambient15	-69.9
block/poplar_leaves/ambient16	-65.6
block/poplar_leaves/ambient17	-62.9
block/poplar_leaves/ambient18	-73.1
block/poplar_leaves/ambient19	-58.5
block/poplar_leaves/ambient2	-60.4
block/poplar_leaves/ambient20	-60.4
block/poplar_leaves/ambient21	-64.9
block/poplar_leaves/ambient22	-60.7
block/poplar_leaves/ambient23	-54.4
block/poplar_leaves/ambient24	-55.6
block/poplar_leaves/ambient3	-69.1
block/poplar_leaves/ambient4	-71.3
block/poplar_leaves/ambient5	-57.9
block/poplar_leaves/ambient6	-71.0
block/poplar_leaves/ambient7	-63.3
block/poplar_leaves/ambient8	-70.2
block/poplar_leaves/ambient9	-66.5
block/poplar_leaves/wind1	-69.6
block/poplar_leaves/wind2	-70.8
block/poplar_leaves/wind3	-67.0
block/potent_sulfur/break1	-36.4
block/potent_sulfur/break2	-38.3
block/potent_sulfur/break3	-35.7
block/potent_sulfur/break4	-37.1
block/potent_sulfur/break5	-39.7
block/potent_sulfur/break6	-36.3
block/potent_sulfur/break7	-35.9
block/potent_sulfur/geyser_continuous/eruption1	-27.6
block/potent_sulfur/geyser_continuous/eruption2	-35.0
block/potent_sulfur/geyser_continuous/eruption3	-44.9
block/potent_sulfur/geyser_continuous/eruption4	-43.2
block/potent_sulfur/geyser_continuous/eruption5	-33.9
block/potent_sulfur/geyser_continuous/eruption6	-30.6
block/potent_sulfur/geyser_continuous/eruption_active1	-48.6
block/potent_sulfur/geyser_continuous/eruption_active2	-52.6
block/potent_sulfur/geyser_continuous/eruption_active3	-46.6
block/potent_sulfur/geyser_continuous/eruption_active4	-44.1
block/potent_sulfur/geyser_continuous/eruption_active5	-53.9
block/potent_sulfur/geyser_continuous/eruption_active6	-55.0
block/potent_sulfur/geyser_continuous/eruption_active7	-60.5
block/potent_sulfur/hit1	-35.5
block/potent_sulfur/hit2	-35.4
block/potent_sulfur/hit3	-33.0
block/potent_sulfur/hit4	-34.6
block/potent_sulfur/hit5	-37.4
block/potent_sulfur/hit6	-33.3
block/potent_sulfur/hit7	-33.1
block/potent_sulfur/noxious_gas/ambient1	-26.8
block/potent_sulfur/noxious_gas/ambient10	-35.8
block/potent_sulfur/noxious_gas/ambient11	-30.3
block/potent_sulfur/noxious_gas/ambient12	-29.7
block/potent_sulfur/noxious_gas/ambient13	-30.2
block/potent_sulfur/noxious_gas/ambient14	-25.8
block/potent_sulfur/noxious_gas/ambient2	-32.6
block/potent_sulfur/noxious_gas/ambient3	-25.4
block/potent_sulfur/noxious_gas/ambient4	-25.9
block/potent_sulfur/noxious_gas/ambient5	-27.4
block/potent_sulfur/noxious_gas/ambient6	-30.3
block/potent_sulfur/noxious_gas/ambient7	-21.9
block/potent_sulfur/noxious_gas/ambient8	-25.2
block/potent_sulfur/noxious_gas/ambient9	-22.9
block/potent_sulfur/place1	-36.3
block/potent_sulfur/place2	-36.7
block/potent_sulfur/place3	-39.1
block/potent_sulfur/place4	-36.3
block/potent_sulfur/place5	-36.5
block/potent_sulfur/place6	-36.6
block/potent_sulfur/place7	-37.6
block/potent_sulfur/place8	-38.0
block/potent_sulfur/step1	-34.5
block/potent_sulfur/step2	-29.9
block/potent_sulfur/step3	-35.5
block/potent_sulfur/step4	-30.8
block/potent_sulfur/step5	-28.9
block/potent_sulfur/step6	-31.3
block/potent_sulfur/step7	-32.9
block/potent_sulfur/sulfur_spring/eruption1	-15.2
block/potent_sulfur/sulfur_spring/eruption2	-14.9
block/potent_sulfur/sulfur_spring/eruption3	-17.2
block/potent_sulfur/sulfur_spring/eruption4	-19.4
block/potent_sulfur/sulfur_spring/eruption5	-19.5
block/potent_sulfur/sulfur_spring/eruption6	-14.8
block/potent_sulfur/sulfur_spring/eruption7	-14.7
block/potent_sulfur/sulfur_spring/eruption8	-16.9
block/potent_sulfur/sulfur_spring/eruption_active1	-29.0
block/potent_sulfur/sulfur_spring/eruption_active2	-26.2
block/potent_sulfur/sulfur_spring/eruption_active3	-24.3
block/potent_sulfur/sulfur_spring/eruption_active4	-26.6
block/potent_sulfur/sulfur_spring/eruption_active5	-33.8
block/potent_sulfur/sulfur_spring/eruption_active6	-30.2
block/potent_sulfur/sulfur_spring/eruption_active7	-30.1
block/potent_sulfur/sulfur_spring/eruption_active8	-31.0
block/powder_snow/break1	-44.0
block/powder_snow/break2	-42.4
block/powder_snow/break3	-42.0
block/powder_snow/break4	-42.1
block/powder_snow/break5	-42.2
block/powder_snow/break6	-40.3
block/powder_snow/break7	-43.9
block/powder_snow/step1	-33.3
block/powder_snow/step10	-34.8
block/powder_snow/step2	-34.0
block/powder_snow/step3	-35.1
block/powder_snow/step4	-34.6
block/powder_snow/step5	-31.9
block/powder_snow/step6	-38.3
block/powder_snow/step7	-36.7
block/powder_snow/step8	-35.9
block/powder_snow/step9	-39.2
block/pumpkin/carve1	-24.1
block/pumpkin/carve2	-24.1
block/red_shrub/break1	-30.1
block/red_shrub/break2	-30.4
block/red_shrub/break3	-28.0
block/red_shrub/break4	-29.6
block/red_shrub/place1	-34.1
block/red_shrub/place2	-31.1
block/red_shrub/place3	-32.6
block/red_shrub/place4	-31.4
block/resin/resin_break1	-29.1
block/resin/resin_break2	-29.1
block/resin/resin_break3	-31.9
block/resin/resin_break4	-31.2
block/resin/resin_break5	-30.9
block/resin/resin_fall	-28.7
block/resin/resin_place1	-46.2
block/resin/resin_place2	-41.9
block/resin/resin_place3	-40.9
block/resin/resin_place4	-45.9
block/resin/resin_step1	-35.3
block/resin/resin_step2	-37.8
block/resin/resin_step3	-37.1
block/resin/resin_step4	-35.8
block/resin/resin_step5	-36.1
block/resin_bricks/resin_brick_break	-32.7
block/resin_bricks/resin_brick_fall	-32.4
block/resin_bricks/resin_brick_hit1	-27.2
block/resin_bricks/resin_brick_hit2	-30.3
block/resin_bricks/resin_brick_hit3	-30.1
block/resin_bricks/resin_brick_hit4	-27.2
block/resin_bricks/resin_brick_hit5	-28.2
block/resin_bricks/resin_brick_place1	-29.5
block/resin_bricks/resin_brick_place2	-29.7
block/resin_bricks/resin_brick_place3	-31.6
block/resin_bricks/resin_brick_place4	-29.5
block/resin_bricks/resin_brick_place5	-36.9
block/resin_bricks/resin_brick_step1	-31.5
block/resin_bricks/resin_brick_step2	-33.0
block/resin_bricks/resin_brick_step3	-35.3
block/resin_bricks/resin_brick_step4	-34.4
block/resin_bricks/resin_brick_step5	-33.9
block/respawn_anchor/ambient1	-24.1
block/respawn_anchor/ambient2	-22.4
block/respawn_anchor/ambient3	-30.9
block/respawn_anchor/charge1	-18.2
block/respawn_anchor/charge2	-18.2
block/respawn_anchor/charge3	-18.0
block/respawn_anchor/deplete1	-18.6
block/respawn_anchor/deplete2	-17.3
block/respawn_anchor/set_spawn1	-18.8
block/respawn_anchor/set_spawn2	-19.6
block/respawn_anchor/set_spawn3	-18.2
block/rooted_dirt/break1	-31.0
block/rooted_dirt/break2	-31.1
block/rooted_dirt/break3	-28.3
block/rooted_dirt/break4	-29.7
block/rooted_dirt/step1	-26.5
block/rooted_dirt/step2	-24.7
block/rooted_dirt/step3	-26.8
block/rooted_dirt/step4	-25.9
block/rooted_dirt/step5	-23.9
block/rooted_dirt/step6	-25.9
block/roots/break1	-29.1
block/roots/break2	-29.8
block/roots/break3	-31.1
block/roots/break4	-33.0
block/roots/break5	-31.5
block/roots/break6	-30.1
block/roots/step1	-24.8
block/roots/step2	-26.1
block/roots/step3	-26.0
block/roots/step4	-25.2
block/roots/step5	-28.7
block/sand/sand1	-54.2
block/sand/sand10	-52.2
block/sand/sand11	-56.5
block/sand/sand12	-56.5
block/sand/sand13	-53.7
block/sand/sand14	-51.9
block/sand/sand15	-52.2
block/sand/sand16	-59.7
block/sand/sand17	-59.4
block/sand/sand18	-56.5
block/sand/sand19	-58.6
block/sand/sand2	-59.3
block/sand/sand20	-58.1
block/sand/sand21	-63.7
block/sand/sand3	-59.2
block/sand/sand4	-57.9
block/sand/sand5	-53.7
block/sand/sand6	-56.8
block/sand/sand7	-56.2
block/sand/sand8	-57.2
block/sand/sand9	-51.4
block/scaffold/place1	-22.9
block/scaffold/place2	-25.7
block/scaffold/place3	-24.1
block/scaffold/place4	-27.1
block/sculk/break1	-30.4
block/sculk/break10	-31.7
block/sculk/break11	-30.8
block/sculk/break12	-31.4
block/sculk/break13	-33.6
block/sculk/break14	-33.5
block/sculk/break2	-31.8
block/sculk/break3	-31.2
block/sculk/break4	-30.4
block/sculk/break5	-29.9
block/sculk/break6	-31.1
block/sculk/break7	-31.9
block/sculk/break8	-31.5
block/sculk/break9	-32.3
block/sculk/charge1	-30.6
block/sculk/charge2	-31.5
block/sculk/charge3	-30.9
block/sculk/charge4	-31.9
block/sculk/charge5	-31.4
block/sculk/place1	-29.9
block/sculk/place2	-32.3
block/sculk/place3	-31.7
block/sculk/place4	-33.3
block/sculk/place5	-30.2
block/sculk/spread1	-38.6
block/sculk/spread2	-37.3
block/sculk/spread3	-35.6
block/sculk/spread4	-39.0
block/sculk/spread5	-38.7
block/sculk/step1	-34.4
block/sculk/step2	-33.6
block/sculk/step3	-34.8
block/sculk/step4	-36.2
block/sculk/step5	-35.1
block/sculk/step6	-34.3
block/sculk_catalyst/break1	-24.7
block/sculk_catalyst/break10	-23.5
block/sculk_catalyst/break2	-25.4
block/sculk_catalyst/break3	-24.8
block/sculk_catalyst/break4	-23.7
block/sculk_catalyst/break5	-23.6
block/sculk_catalyst/break6	-24.7
block/sculk_catalyst/break7	-25.4
block/sculk_catalyst/break8	-24.7
block/sculk_catalyst/break9	-23.7
block/sculk_catalyst/place1	-27.2
block/sculk_catalyst/place2	-26.7
block/sculk_catalyst/place3	-25.8
block/sculk_catalyst/place4	-25.2
block/sculk_catalyst/place5	-26.3
block/sculk_catalyst/step1	-28.8
block/sculk_catalyst/step2	-28.9
block/sculk_catalyst/step3	-32.8
block/sculk_catalyst/step4	-30.5
block/sculk_catalyst/step5	-29.8
block/sculk_catalyst/step6	-28.4
block/sculk_sensor/break1	-27.9
block/sculk_sensor/break2	-30.2
block/sculk_sensor/break3	-29.6
block/sculk_sensor/break4	-29.0
block/sculk_sensor/break5	-28.8
block/sculk_sensor/place1	-28.8
block/sculk_sensor/place2	-32.2
block/sculk_sensor/place3	-30.1
block/sculk_sensor/place4	-31.0
block/sculk_sensor/place5	-29.6
block/sculk_sensor/sculk_clicking1	-18.4
block/sculk_sensor/sculk_clicking2	-17.5
block/sculk_sensor/sculk_clicking3	-17.0
block/sculk_sensor/sculk_clicking4	-16.5
block/sculk_sensor/sculk_clicking5	-21.4
block/sculk_sensor/sculk_clicking6	-20.3
block/sculk_sensor/sculk_clicking_stop1	-34.0
block/sculk_sensor/sculk_clicking_stop2	-33.5
block/sculk_sensor/sculk_clicking_stop3	-33.3
block/sculk_sensor/sculk_clicking_stop4	-32.0
block/sculk_sensor/sculk_clicking_stop5	-33.0
block/sculk_shrieker/break1	-29.2
block/sculk_shrieker/break2	-30.5
block/sculk_shrieker/break3	-28.9
block/sculk_shrieker/break4	-29.9
block/sculk_shrieker/break5	-28.3
block/sculk_shrieker/break6	-28.5
block/sculk_shrieker/place1	-28.1
block/sculk_shrieker/place2	-29.0
block/sculk_shrieker/place3	-28.4
block/sculk_shrieker/place4	-28.9
block/sculk_shrieker/place5	-28.2
block/sculk_shrieker/shriek1	-13.4
block/sculk_shrieker/shriek2	-15.3
block/sculk_shrieker/shriek3	-11.4
block/sculk_shrieker/shriek4	-14.5
block/sculk_shrieker/shriek5	-12.0
block/sculk_vein/break1	-31.8
block/sculk_vein/break2	-33.6
block/sculk_vein/break3	-33.3
block/sculk_vein/break4	-30.2
block/sculk_vein/break5	-33.1
block/shelf/activate1	-24.7
block/shelf/activate2	-26.0
block/shelf/activate3	-26.8
block/shelf/deactivate1	-24.9
block/shelf/deactivate2	-28.7
block/shelf/deactivate3	-27.8
block/shelf/multi_swap1	-37.2
block/shelf/multi_swap2	-39.4
block/shelf/multi_swap3	-43.4
block/shelf/place_item1	-34.6
block/shelf/place_item2	-34.3
block/shelf/place_item3	-34.9
block/shelf/place_item4	-36.4
block/shelf/single_swap1	-33.6
block/shelf/single_swap2	-35.4
block/shelf/single_swap3	-37.0
block/shelf/single_swap4	-35.7
block/shelf_mushroom/bounce1	-50.2
block/shelf_mushroom/bounce2	-46.6
block/shelf_mushroom/bounce3	-47.5
block/shelf_mushroom/bounce4	-48.9
block/shelf_mushroom/bounce5	-48.3
block/shelf_mushroom/break1	-34.7
block/shelf_mushroom/break2	-34.4
block/shelf_mushroom/break3	-35.1
block/shelf_mushroom/break4	-32.4
block/shelf_mushroom/break5	-30.9
block/shelf_mushroom/break6	-31.9
block/shelf_mushroom/place1	-38.9
block/shelf_mushroom/place2	-39.1
block/shelf_mushroom/place3	-37.3
block/shelf_mushroom/place4	-38.8
block/shelf_mushroom/place5	-37.0
block/shelf_mushroom/place6	-37.0
block/shelf_mushroom/step1	-35.3
block/shelf_mushroom/step2	-36.1
block/shelf_mushroom/step3	-36.5
block/shelf_mushroom/step4	-36.7
block/shelf_mushroom/step5	-35.7
block/shelf_mushroom/step6	-34.5
block/shroomlight/break1	-23.0
block/shroomlight/break2	-23.5
block/shroomlight/break3	-23.1
block/shroomlight/break4	-22.8
block/shroomlight/break5	-23.6
block/shroomlight/step1	-28.5
block/shroomlight/step2	-27.8
block/shroomlight/step3	-30.5
block/shroomlight/step4	-27.7
block/shroomlight/step5	-27.3
block/shroomlight/step6	-26.3
block/shulker_box/close	-14.1
block/shulker_box/open	-13.6
block/sign/waxed_interact_fail1	-31.3
block/sign/waxed_interact_fail2	-31.6
block/sign/waxed_interact_fail3	-31.8
block/smithing_table/smithing_table1	-18.7
block/smithing_table/smithing_table2	-17.5
block/smithing_table/smithing_table3	-19.5
block/smoker/smoker1	-43.2
block/smoker/smoker2	-46.8
block/smoker/smoker3	-48.4
block/smoker/smoker4	-39.8
block/smoker/smoker5	-47.0
block/soul_sand/break1	-29.1
block/soul_sand/break2	-29.8
block/soul_sand/break3	-30.4
block/soul_sand/break4	-29.1
block/soul_sand/break5	-29.8
block/soul_sand/break6	-29.6
block/soul_sand/break7	-29.2
block/soul_sand/break8	-29.9
block/soul_sand/break9	-30.4
block/soul_sand/step1	-27.2
block/soul_sand/step2	-26.6
block/soul_sand/step3	-30.1
block/soul_sand/step4	-26.8
block/soul_sand/step5	-27.4
block/soul_soil/break1	-26.7
block/soul_soil/break2	-28.3
block/soul_soil/break3	-26.7
block/soul_soil/break4	-27.0
block/soul_soil/break5	-25.9
block/soul_soil/break6	-25.1
block/soul_soil/step1	-29.3
block/soul_soil/step2	-24.8
block/soul_soil/step3	-26.4
block/soul_soil/step4	-28.0
block/soul_soil/step5	-27.7
block/spawner/break1	-21.4
block/spawner/break2	-21.2
block/spawner/break3	-21.2
block/spawner/break4	-22.1
block/spawner/step1	-32.9
block/spawner/step2	-33.5
block/spawner/step3	-32.8
block/spawner/step4	-31.7
block/spawner/step5	-33.9
block/sponge/absorb1	-26.6
block/sponge/absorb2	-25.0
block/sponge/absorb3	-26.1
block/sponge/break1	-30.7
block/sponge/break2	-32.2
block/sponge/break3	-34.4
block/sponge/break4	-34.0
block/sponge/step1	-28.3
block/sponge/step2	-31.8
block/sponge/step3	-32.1
block/sponge/step4	-32.9
block/sponge/step5	-33.3
block/sponge/step6	-31.4
block/sponge/wet_sponge/break1	-27.8
block/sponge/wet_sponge/break2	-29.8
block/sponge/wet_sponge/break3	-27.8
block/sponge/wet_sponge/break4	-28.5
block/sponge/wet_sponge/step1	-28.9
block/sponge/wet_sponge/step2	-27.5
block/sponge/wet_sponge/step3	-27.5
block/sponge/wet_sponge/step4	-27.9
block/spore_blossom/break1	-32.8
block/spore_blossom/break2	-32.1
block/spore_blossom/break3	-33.6
block/spore_blossom/break4	-37.6
block/spore_blossom/break5	-35.8
block/spore_blossom/step1	-30.8
block/spore_blossom/step2	-34.4
block/spore_blossom/step3	-34.7
block/spore_blossom/step4	-35.4
block/spore_blossom/step5	-35.8
block/spore_blossom/step6	-33.8
block/stem/break1	-24.9
block/stem/break2	-25.8
block/stem/break3	-24.8
block/stem/break4	-24.4
block/stem/break5	-25.2
block/stem/break6	-25.3
block/stem/step1	-27.0
block/stem/step2	-23.7
block/stem/step3	-26.5
block/stem/step4	-23.6
block/stem/step5	-21.1
block/stem/step6	-22.0
block/straw_bed/break1	-35.2
block/straw_bed/break2	-34.1
block/straw_bed/break3	-29.8
block/straw_bed/break4	-34.6
block/straw_bed/break_leave	-24.2
block/straw_bed/hit1	-32.9
block/straw_bed/hit2	-34.0
block/straw_bed/hit3	-32.3
block/straw_bed/hit4	-34.9
block/straw_bed/hit5	-29.2
block/straw_bed/hit6	-23.8
block/straw_bed/place1	-35.3
block/straw_bed/place2	-34.7
block/straw_bed/place3	-35.1
block/straw_bed/place4	-34.7
block/straw_bed/step1	-34.5
block/straw_bed/step2	-32.7
block/straw_bed/step3	-33.6
block/straw_bed/step4	-33.1
block/straw_bed/step5	-32.9
block/straw_bed/step6	-34.0
block/sulfur/break1	-36.4
block/sulfur/break2	-38.3
block/sulfur/break3	-35.7
block/sulfur/break4	-37.1
block/sulfur/break5	-39.7
block/sulfur/break6	-36.3
block/sulfur/break7	-35.9
block/sulfur/hit1	-35.5
block/sulfur/hit2	-35.4
block/sulfur/hit3	-33.0
block/sulfur/hit4	-34.6
block/sulfur/hit5	-37.4
block/sulfur/hit6	-33.3
block/sulfur/hit7	-33.1
block/sulfur/place1	-36.3
block/sulfur/place2	-36.7
block/sulfur/place3	-39.1
block/sulfur/place4	-36.3
block/sulfur/place5	-36.5
block/sulfur/place6	-36.6
block/sulfur/place7	-37.6
block/sulfur/place8	-38.0
block/sulfur/step1	-34.5
block/sulfur/step2	-29.9
block/sulfur/step3	-35.5
block/sulfur/step4	-30.8
block/sulfur/step5	-28.9
block/sulfur/step6	-31.3
block/sulfur/step7	-32.9
block/sulfur_spike/land1	-22.7
block/sulfur_spike/land2	-23.3
block/sulfur_spike/land3	-21.4
block/sulfur_spike/land4	-23.2
block/sulfur_spike/land5	-24.2
block/sulfur_spike/land6	-24.6
block/sulfur_spike/land7	-22.9
block/suspicious_gravel/break1	-21.2
block/suspicious_gravel/break2	-19.9
block/suspicious_gravel/break3	-19.5
block/suspicious_gravel/break4	-20.6
block/suspicious_gravel/break5	-21.3
block/suspicious_gravel/break6	-20.5
block/suspicious_gravel/place1	-22.9
block/suspicious_gravel/place2	-23.8
block/suspicious_gravel/place3	-21.9
block/suspicious_gravel/place4	-22.1
block/suspicious_gravel/step1	-20.3
block/suspicious_gravel/step2	-21.2
block/suspicious_gravel/step3	-21.3
block/suspicious_gravel/step4	-18.6
block/suspicious_sand/break1	-25.1
block/suspicious_sand/break2	-26.3
block/suspicious_sand/break3	-22.4
block/suspicious_sand/break4	-25.2
block/suspicious_sand/break5	-24.9
block/suspicious_sand/break6	-25.8
block/suspicious_sand/place1	-32.1
block/suspicious_sand/place2	-33.6
block/suspicious_sand/place3	-32.9
block/suspicious_sand/place4	-33.9
block/suspicious_sand/place5	-31.1
block/suspicious_sand/step1	-25.6
block/suspicious_sand/step2	-27.5
block/suspicious_sand/step3	-24.9
block/suspicious_sand/step4	-23.4
block/suspicious_sand/step5	-28.6
block/sweet_berry_bush/break1	-19.7
block/sweet_berry_bush/break2	-21.9
block/sweet_berry_bush/break3	-22.1
block/sweet_berry_bush/break4	-22.2
block/sweet_berry_bush/place1	-24.8
block/sweet_berry_bush/place2	-25.5
block/sweet_berry_bush/place3	-25.3
block/sweet_berry_bush/place4	-25.1
block/sweet_berry_bush/place5	-24.9
block/sweet_berry_bush/place6	-26.4
block/trial_spawner/about_to_spawn_item	-19.8
block/trial_spawner/ambient1	-42.4
block/trial_spawner/ambient2	-43.2
block/trial_spawner/ambient3	-42.4
block/trial_spawner/ambient4	-45.4
block/trial_spawner/ambient5	-43.5
block/trial_spawner/ambient_ominous1	-22.6
block/trial_spawner/ambient_ominous2	-24.3
block/trial_spawner/ambient_ominous3	-22.7
block/trial_spawner/ambient_ominous4	-25.6
block/trial_spawner/ambient_ominous5	-24.4
block/trial_spawner/break1	-21.7
block/trial_spawner/break2	-22.8
block/trial_spawner/break3	-22.9
block/trial_spawner/close_shutter	-25.6
block/trial_spawner/detect_player1	-27.0
block/trial_spawner/detect_player2	-27.3
block/trial_spawner/detect_player3	-25.7
block/trial_spawner/eject_item1	-26.2
block/trial_spawner/ominous_activate	-15.1
block/trial_spawner/open_shutter	-24.0
block/trial_spawner/place1	-25.1
block/trial_spawner/place2	-25.9
block/trial_spawner/place3	-25.0
block/trial_spawner/spawn1	-22.0
block/trial_spawner/spawn2	-20.8
block/trial_spawner/spawn3	-19.8
block/trial_spawner/spawn4	-20.5
block/trial_spawner/spawn_item1	-20.1
block/trial_spawner/spawn_item2	-19.2
block/trial_spawner/spawn_item3	-21.3
block/trial_spawner/spawn_item_begin1	-27.9
block/trial_spawner/spawn_item_begin2	-29.0
block/trial_spawner/spawn_item_begin3	-28.5
block/trial_spawner/step1	-27.7
block/trial_spawner/step2	-28.3
block/trial_spawner/step3	-28.8
block/trial_spawner/step4	-28.4
block/trial_spawner/step5	-27.9
block/tuff/break1	-29.4
block/tuff/break2	-30.1
block/tuff/break3	-29.5
block/tuff/break4	-30.0
block/tuff/break5	-28.4
block/tuff/step1	-31.7
block/tuff/step2	-34.5
block/tuff/step3	-34.9
block/tuff/step4	-32.6
block/tuff/step5	-34.3
block/tuff/step6	-35.2
block/tuff_bricks/place1	-28.2
block/tuff_bricks/place2	-28.4
block/tuff_bricks/place3	-28.6
block/tuff_bricks/place4	-28.4
block/tuff_bricks/place5	-28.0
block/tuff_bricks/step1	-28.3
block/tuff_bricks/step2	-29.5
block/tuff_bricks/step3	-30.0
block/tuff_bricks/step4	-28.6
block/tuff_bricks/step5	-30.4
block/tuff_bricks/step6	-28.5
block/vault/activate	-24.7
block/vault/ambient1	-35.5
block/vault/ambient2	-42.8
block/vault/ambient3	-37.8
block/vault/break1	-19.6
block/vault/break2	-20.2
block/vault/break3	-19.9
block/vault/break4	-18.8
block/vault/deactivate	-24.5
block/vault/eject1	-24.8
block/vault/eject2	-25.4
block/vault/eject3	-25.2
block/vault/insert	-23.2
block/vault/insert_fail	-26.2
block/vault/open_shutter	-17.2
block/vault/place1	-23.5
block/vault/place2	-22.7
block/vault/place3	-23.8
block/vault/place4	-23.4
block/vault/reject_rewarded_player	-23.2
block/vault/step1	-25.8
block/vault/step2	-25.9
block/vault/step3	-25.7
block/vault/step4	-26.2
block/vault/step5	-26.4
block/vault/step6	-27.0
block/vault/step7	-26.5
block/vault/step8	-25.8
block/vine/break1	-33.8
block/vine/break2	-35.2
block/vine/break3	-34.0
block/vine/break4	-33.3
block/vine/climb1	-25.1
block/vine/climb2	-25.1
block/vine/climb3	-26.7
block/vine/climb4	-26.2
block/vine/climb5	-25.5
block/waterlily/place1	-28.9
block/waterlily/place2	-29.7
block/waterlily/place3	-29.4
block/waterlily/place4	-29.5
block/wooden_door/close1	-20.0
block/wooden_door/close2	-21.1
block/wooden_door/close3	-22.0
block/wooden_door/open1	-23.7
block/wooden_door/open2	-25.0
block/wooden_trapdoor/close1	-22.2
block/wooden_trapdoor/close2	-23.0
block/wooden_trapdoor/close3	-24.5
block/wooden_trapdoor/open1	-28.1
block/wooden_trapdoor/open2	-27.7
block/wooden_trapdoor/open3	-29.5
block/wooden_trapdoor/open4	-29.1
block/wooden_trapdoor/open5	-30.8
damage/fallbig	-23.3
damage/fallsmall	-21.6
damage/hit1	-20.5
damage/hit2	-20.0
damage/hit3	-20.0
dig/cloth1	-29.5
dig/cloth2	-32.3
dig/cloth3	-33.9
dig/cloth4	-30.8
dig/coral1	-27.3
dig/coral2	-28.5
dig/coral3	-27.8
dig/coral4	-30.3
dig/grass1	-35.1
dig/grass2	-34.7
dig/grass3	-36.9
dig/grass4	-36.3
dig/gravel1	-29.3
dig/gravel2	-30.4
dig/gravel3	-31.4
dig/gravel4	-29.3
dig/sand1	-35.7
dig/sand2	-37.7
dig/sand3	-36.3
dig/sand4	-41.4
dig/snow1	-33.1
dig/snow2	-38.0
dig/snow3	-35.1
dig/snow4	-36.6
dig/stone1	-28.7
dig/stone2	-29.0
dig/stone3	-28.6
dig/stone4	-27.8
dig/wet_grass1	-27.6
dig/wet_grass2	-26.5
dig/wet_grass3	-27.4
dig/wet_grass4	-28.0
dig/wood1	-26.3
dig/wood2	-28.1
dig/wood3	-29.4
dig/wood4	-29.4
enchant/soulspeed/soulspeed1	-32.2
enchant/soulspeed/soulspeed10	-31.0
enchant/soulspeed/soulspeed11	-27.5
enchant/soulspeed/soulspeed12	-32.0
enchant/soulspeed/soulspeed13	-28.5
enchant/soulspeed/soulspeed2	-36.5
enchant/soulspeed/soulspeed3	-33.5
enchant/soulspeed/soulspeed4	-32.3
enchant/soulspeed/soulspeed5	-32.6
enchant/soulspeed/soulspeed6	-30.8
enchant/soulspeed/soulspeed7	-35.2
enchant/soulspeed/soulspeed8	-35.7
enchant/soulspeed/soulspeed9	-34.4
enchant/thorns/hit1	-19.5
enchant/thorns/hit2	-21.2
enchant/thorns/hit3	-19.9
enchant/thorns/hit4	-20.1
entity/armorstand/break1	-21.7
entity/armorstand/break2	-22.7
entity/armorstand/break3	-22.4
entity/armorstand/break4	-21.1
entity/armorstand/hit1	-20.6
entity/armorstand/hit2	-21.9
entity/armorstand/hit3	-21.7
entity/armorstand/hit4	-20.4
entity/boat/paddle_land1	-35.8
entity/boat/paddle_land2	-35.8
entity/boat/paddle_land3	-31.2
entity/boat/paddle_land4	-33.7
entity/boat/paddle_land5	-39.1
entity/boat/paddle_land6	-33.5
entity/boat/paddle_water1	-38.2
entity/boat/paddle_water2	-37.1
entity/boat/paddle_water3	-33.7
entity/boat/paddle_water4	-39.2
entity/boat/paddle_water5	-37.0
entity/boat/paddle_water6	-38.2
entity/boat/paddle_water7	-37.2
entity/boat/paddle_water8	-35.4
entity/bobber/castfast	-21.2
entity/bobber/retrieve1	-35.7
entity/bobber/retrieve2	-36.1
entity/bobber/retrieve3	-33.6
entity/cow/milk1	-25.9
entity/cow/milk2	-26.2
entity/cow/milk3	-26.1
entity/cushion/break1	-34.2
entity/cushion/break2	-34.1
entity/cushion/break3	-37.5
entity/cushion/get_up1	-37.9
entity/cushion/get_up2	-40.4
entity/cushion/get_up3	-37.9
entity/cushion/place1	-37.7
entity/cushion/place2	-38.8
entity/cushion/place3	-40.6
entity/cushion/place4	-37.7
entity/cushion/place5	-34.3
entity/cushion/place6	-39.9
entity/cushion/sit1	-43.6
entity/cushion/sit2	-45.5
entity/cushion/sit3	-41.6
entity/endereye/dead1	-30.4
entity/endereye/dead2	-31.4
entity/endereye/endereye_launch1	-28.2
entity/endereye/endereye_launch2	-28.4
entity/fish/flop1	-29.5
entity/fish/flop2	-28.2
entity/fish/flop3	-27.0
entity/fish/flop4	-27.2
entity/fish/hurt1	-26.0
entity/fish/hurt2	-24.7
entity/fish/hurt3	-27.0
entity/fish/hurt4	-25.4
entity/fish/swim1	-22.7
entity/fish/swim2	-16.6
entity/fish/swim3	-17.8
entity/fish/swim4	-17.4
entity/fish/swim5	-21.2
entity/fish/swim6	-21.0
entity/fish/swim7	-21.4
entity/itemframe/add_item1	-27.5
entity/itemframe/add_item2	-29.2
entity/itemframe/add_item3	-30.4
entity/itemframe/add_item4	-28.6
entity/itemframe/break1	-31.4
entity/itemframe/break2	-31.8
entity/itemframe/break3	-30.2
entity/itemframe/place1	-28.1
entity/itemframe/place2	-28.7
entity/itemframe/place3	-27.9
entity/itemframe/place4	-28.5
entity/itemframe/remove_item1	-23.8
entity/itemframe/remove_item2	-25.6
entity/itemframe/remove_item3	-26.6
entity/itemframe/remove_item4	-23.4
entity/itemframe/rotate_item1	-33.7
entity/itemframe/rotate_item2	-33.6
entity/itemframe/rotate_item3	-35.0
entity/itemframe/rotate_item4	-35.7
entity/leashknot/break	-25.2
entity/leashknot/leash1	-27.0
entity/leashknot/leash2	-26.4
entity/leashknot/leash3	-26.4
entity/leashknot/unleash1	-26.9
entity/leashknot/unleash2	-26.1
entity/leashknot/unleash3	-27.1
entity/painting/break1	-24.2
entity/painting/break2	-25.9
entity/painting/break3	-25.9
entity/painting/place1	-27.2
entity/painting/place2	-29.1
entity/painting/place3	-30.3
entity/painting/place4	-25.9
entity/player/attack/crit1	-14.9
entity/player/attack/crit2	-14.3
entity/player/attack/crit3	-15.3
entity/player/attack/knockback1	-18.8
entity/player/attack/knockback2	-17.8
entity/player/attack/knockback3	-18.0
entity/player/attack/knockback4	-17.8
entity/player/attack/strong1	-20.8
entity/player/attack/strong2	-18.2
entity/player/attack/strong3	-18.0
entity/player/attack/strong4	-16.8
entity/player/attack/strong5	-16.4
entity/player/attack/strong6	-17.2
entity/player/attack/sweep1	-15.4
entity/player/attack/sweep2	-16.7
entity/player/attack/sweep3	-15.0
entity/player/attack/sweep4	-16.4
entity/player/attack/sweep5	-18.2
entity/player/attack/sweep6	-15.2
entity/player/attack/sweep7	-15.1
entity/player/attack/weak1	-24.2
entity/player/attack/weak2	-29.5
entity/player/attack/weak3	-23.2
entity/player/attack/weak4	-25.0
entity/player/hurt/berrybush_hurt1	-18.1
entity/player/hurt/berrybush_hurt2	-17.9
entity/player/hurt/drown1	-18.4
entity/player/hurt/drown2	-19.3
entity/player/hurt/drown3	-18.7
entity/player/hurt/drown4	-20.2
entity/player/hurt/fire_hurt1	-16.2
entity/player/hurt/fire_hurt2	-16.6
entity/player/hurt/fire_hurt3	-17.0
entity/player/hurt/freeze_hurt1	-23.0
entity/player/hurt/freeze_hurt2	-23.2
entity/player/hurt/freeze_hurt3	-23.2
entity/player/hurt/freeze_hurt4	-23.8
entity/player/hurt/freeze_hurt5	-24.8
entity/shulker/ambient1	-12.7
entity/shulker/ambient2	-14.4
entity/shulker/ambient3	-17.9
entity/shulker/ambient4	-9.5
entity/shulker/ambient5	-15.5
entity/shulker/ambient6	-14.7
entity/shulker/ambient7	-11.8
entity/shulker/close1	-22.4
entity/shulker/close2	-22.4
entity/shulker/close3	-18.5
entity/shulker/close4	-27.0
entity/shulker/close5	-24.3
entity/shulker/death1	-15.1
entity/shulker/death2	-14.7
entity/shulker/death3	-17.0
entity/shulker/death4	-16.0
entity/shulker/hurt1	-12.3
entity/shulker/hurt2	-12.0
entity/shulker/hurt3	-12.9
entity/shulker/hurt4	-14.7
entity/shulker/hurt_closed1	-19.3
entity/shulker/hurt_closed2	-21.6
entity/shulker/hurt_closed3	-19.0
entity/shulker/hurt_closed4	-20.6
entity/shulker/hurt_closed5	-19.8
entity/shulker/open1	-22.8
entity/shulker/open2	-20.7
entity/shulker/open3	-25.4
entity/shulker/open4	-23.5
entity/shulker/open5	-24.6
entity/shulker/shoot1	-18.2
entity/shulker/shoot2	-17.6
entity/shulker/shoot3	-20.4
entity/shulker/shoot4	-17.4
entity/shulker_bullet/hit1	-22.9
entity/shulker_bullet/hit2	-24.4
entity/shulker_bullet/hit3	-23.2
entity/shulker_bullet/hit4	-22.4
entity/snowman/death1	-18.6
entity/snowman/death2	-20.4
entity/snowman/death3	-20.0
entity/snowman/hurt1	-21.7
entity/snowman/hurt2	-23.1
entity/snowman/hurt3	-21.1
entity/wind_charge/wind_burst1	-17.0
entity/wind_charge/wind_burst2	-15.8
entity/wind_charge/wind_burst3	-16.0
entity/witch/ambient1	-16.7
entity/witch/ambient2	-15.3
entity/witch/ambient3	-20.2
entity/witch/ambient4	-15.0
entity/witch/ambient5	-18.8
entity/witch/celebrate	-20.1
entity/witch/death1	-15.8
entity/witch/death2	-12.5
entity/witch/death3	-16.0
entity/witch/drink1	-18.3
entity/witch/drink2	-20.3
entity/witch/drink3	-15.7
entity/witch/drink4	-16.2
entity/witch/hurt1	-16.7
entity/witch/hurt2	-16.3
entity/witch/hurt3	-17.1
entity/witch/throw1	-22.1
entity/witch/throw2	-20.4
entity/witch/throw3	-22.5
event/mob_effects/bad_omen	-21.3
event/mob_effects/raid_omen	-13.9
event/mob_effects/trial_omen	-18.5
event/raid/raidhorn_01	-12.7
event/raid/raidhorn_02	-12.1
event/raid/raidhorn_03	-15.3
event/raid/raidhorn_04	-11.5
fire/fire	-33.3
fire/ignite	-26.7
fireworks/blast1	-21.1
fireworks/blast_far1	-27.1
fireworks/largeblast1	-18.5
fireworks/largeblast_far1	-20.7
fireworks/launch1	-20.8
fireworks/twinkle1	-16.1
fireworks/twinkle_far1	-22.6
item/armor/break_wolf	-11.0
item/armor/crack_wolf1	-14.9
item/armor/crack_wolf2	-12.8
item/armor/crack_wolf3	-13.6
item/armor/crack_wolf4	-13.7
item/armor/damage_wolf1	-16.1
item/armor/damage_wolf2	-16.1
item/armor/damage_wolf3	-15.7
item/armor/damage_wolf4	-15.0
item/armor/equip_chain1	-25.9
item/armor/equip_chain2	-28.2
item/armor/equip_chain3	-32.2
item/armor/equip_chain4	-29.1
item/armor/equip_chain5	-28.5
item/armor/equip_chain6	-30.9
item/armor/equip_copper1	-26.5
item/armor/equip_copper2	-27.0
item/armor/equip_copper3	-26.6
item/armor/equip_copper4	-27.1
item/armor/equip_copper5	-28.0
item/armor/equip_copper6	-28.1
item/armor/equip_diamond1	-29.7
item/armor/equip_diamond2	-29.4
item/armor/equip_diamond3	-31.1
item/armor/equip_diamond4	-28.7
item/armor/equip_diamond5	-28.8
item/armor/equip_diamond6	-30.8
item/armor/equip_generic1	-30.5
item/armor/equip_generic2	-28.4
item/armor/equip_generic3	-31.6
item/armor/equip_generic4	-27.7
item/armor/equip_generic5	-30.5
item/armor/equip_generic6	-28.9
item/armor/equip_gold1	-28.5
item/armor/equip_gold2	-29.4
item/armor/equip_gold3	-30.3
item/armor/equip_gold4	-29.7
item/armor/equip_gold5	-28.9
item/armor/equip_gold6	-31.1
item/armor/equip_iron1	-27.5
item/armor/equip_iron2	-28.1
item/armor/equip_iron3	-30.2
item/armor/equip_iron4	-30.4
item/armor/equip_iron5	-27.3
item/armor/equip_iron6	-29.3
item/armor/equip_leather1	-26.1
item/armor/equip_leather2	-28.1
item/armor/equip_leather3	-30.2
item/armor/equip_leather4	-29.2
item/armor/equip_leather5	-28.8
item/armor/equip_leather6	-31.4
item/armor/equip_netherite1	-21.3
item/armor/equip_netherite2	-23.3
item/armor/equip_netherite3	-24.8
item/armor/equip_netherite4	-23.1
item/armor/equip_wolf1	-26.1
item/armor/equip_wolf2	-26.5
item/armor/repair_wolf1	-20.7
item/armor/repair_wolf2	-23.1
item/armor/repair_wolf3	-23.0
item/armor/repair_wolf4	-22.7
item/armor/unequip_wolf1	-24.0
item/armor/unequip_wolf2	-24.6
item/axe/scrape1	-28.7
item/axe/scrape2	-28.9
item/axe/scrape3	-28.4
item/axe/strip1	-25.2
item/axe/strip2	-26.6
item/axe/strip3	-30.0
item/axe/strip4	-28.3
item/axe/wax_off1	-28.5
item/axe/wax_off2	-28.4
item/axe/wax_off3	-28.1
item/bonemeal/bonemeal1	-33.3
item/bonemeal/bonemeal2	-34.4
item/bonemeal/bonemeal3	-35.2
item/bonemeal/bonemeal4	-37.0
item/bonemeal/bonemeal5	-34.5
item/book/close_put1	-36.5
item/book/close_put2	-36.6
item/book/open_flip1	-28.2
item/book/open_flip2	-36.7
item/book/open_flip3	-36.6
item/bottle/drink_honey1	-17.1
item/bottle/drink_honey2	-15.8
item/bottle/drink_honey3	-21.6
item/bottle/empty1	-27.3
item/bottle/empty2	-27.7
item/bottle/fill1	-23.5
item/bottle/fill2	-26.0
item/bottle/fill3	-22.7
item/bottle/fill4	-24.4
item/bottle/fill_dragonbreath1	-17.6
item/bottle/fill_dragonbreath2	-16.7
item/brush/brush_sand_complete1	-35.4
item/brush/brush_sand_complete2	-35.4
item/brush/brush_sand_complete3	-33.6
item/brush/brush_sand_complete4	-34.9
item/brush/brush_sand_complete5	-34.6
item/brush/brushing_generic1	-33.8
item/brush/brushing_generic2	-33.2
item/brush/brushing_generic3	-32.8
item/brush/brushing_generic4	-35.3
item/brush/brushing_gravel1	-33.4
item/brush/brushing_gravel2	-32.8
item/brush/brushing_gravel3	-32.3
item/brush/brushing_gravel4	-34.4
item/brush/brushing_gravel_complete1	-25.4
item/brush/brushing_gravel_complete2	-24.3
item/brush/brushing_gravel_complete3	-24.6
item/brush/brushing_gravel_complete4	-26.3
item/brush/brushing_sand1	-33.6
item/brush/brushing_sand2	-33.0
item/brush/brushing_sand3	-32.3
item/brush/brushing_sand4	-34.8
item/bucket/empty1	-22.7
item/bucket/empty2	-24.0
item/bucket/empty3	-24.3
item/bucket/empty_fish1	-24.5
item/bucket/empty_fish2	-26.4
item/bucket/empty_fish3	-24.7
item/bucket/empty_lava1	-22.9
item/bucket/empty_lava2	-23.8
item/bucket/empty_lava3	-21.4
item/bucket/empty_powder_snow1	-35.8
item/bucket/empty_powder_snow2	-34.7
item/bucket/emptysulfurcube1	-21.3
item/bucket/emptysulfurcube2	-21.6
item/bucket/emptysulfurcube3	-23.5
item/bucket/fill1	-24.0
item/bucket/fill2	-25.3
item/bucket/fill3	-24.0
item/bucket/fill_axolotl1	-27.9
item/bucket/fill_axolotl2	-26.7
item/bucket/fill_axolotl3	-27.6
item/bucket/fill_fish1	-27.9
item/bucket/fill_fish2	-26.7
item/bucket/fill_fish3	-27.7
item/bucket/fill_lava1	-22.1
item/bucket/fill_lava2	-22.1
item/bucket/fill_lava3	-22.7
item/bucket/fill_powder_snow1	-36.0
item/bucket/fill_powder_snow2	-38.3
item/bucket/fillsulfurcube1	-25.7
item/bucket/fillsulfurcube2	-25.3
item/bucket/fillsulfurcube3	-23.9
item/bundle/drop_contents1	-29.3
item/bundle/drop_contents2	-29.0
item/bundle/drop_contents3	-27.4
item/bundle/insert1	-31.8
item/bundle/insert2	-36.5
item/bundle/insert3	-36.9
item/bundle/insert_fail	-20.2
item/bundle/remove_one1	-35.2
item/bundle/remove_one2	-37.0
item/bundle/remove_one3	-34.8
item/crossbow/loading_end	-31.9
item/crossbow/loading_middle1	-28.1
item/crossbow/loading_middle2	-26.6
item/crossbow/loading_middle3	-27.7
item/crossbow/loading_middle4	-27.6
item/crossbow/loading_start	-31.9
item/crossbow/quick_charge/quick1_1	-25.3
item/crossbow/quick_charge/quick1_2	-26.5
item/crossbow/quick_charge/quick1_3	-28.2
item/crossbow/quick_charge/quick2_1	-25.4
item/crossbow/quick_charge/quick2_2	-26.8
item/crossbow/quick_charge/quick2_3	-28.4
item/crossbow/quick_charge/quick3_1	-25.8
item/crossbow/quick_charge/quick3_2	-27.0
item/crossbow/quick_charge/quick3_3	-28.4
item/crossbow/shoot1	-18.5
item/crossbow/shoot2	-18.5
item/crossbow/shoot3	-18.3
item/dye/dye	-31.7
item/elytra/elytra_loop	-22.5
item/goat_horn/call0	-20.6
item/goat_horn/call1	-15.8
item/goat_horn/call2	-16.0
item/goat_horn/call3	-9.9
item/goat_horn/call4	-13.2
item/goat_horn/call5	-17.2
item/goat_horn/call6	-15.0
item/goat_horn/call7	-14.6
item/golden_dandelion/unuse	-23.3
item/golden_dandelion/use	-17.8
item/hoe/till1	-27.7
item/hoe/till2	-29.3
item/hoe/till3	-28.2
item/hoe/till4	-28.5
item/honeycomb/wax_on1	-40.1
item/honeycomb/wax_on2	-37.6
item/honeycomb/wax_on3	-40.3
item/ink_sac/ink_sac1	-30.3
item/ink_sac/ink_sac2	-33.3
item/ink_sac/ink_sac3	-32.9
item/mace/smash_air1	-15.5
item/mace/smash_air2	-16.1
item/mace/smash_air3	-15.5
item/mace/smash_ground1	-13.8
item/mace/smash_ground2	-12.7
item/mace/smash_ground3	-12.4
item/mace/smash_ground4	-16.0
item/mace/smash_ground_heavy	-14.2
item/ominous_bottle/dispose	-20.2
item/plant/crop1	-23.6
item/plant/crop2	-26.5
item/plant/crop3	-26.2
item/plant/crop4	-23.4
item/plant/crop5	-24.9
item/plant/crop6	-26.4
item/plant/netherwart1	-32.9
item/plant/netherwart2	-34.3
item/plant/netherwart3	-36.4
item/plant/netherwart4	-36.0
item/plant/netherwart5	-34.3
item/plant/netherwart6	-33.7
item/shield/block1	-12.9
item/shield/block2	-12.9
item/shield/block3	-13.1
item/shield/block4	-13.2
item/shield/block5	-13.0
item/shovel/flatten1	-25.4
item/shovel/flatten2	-26.9
item/shovel/flatten3	-27.0
item/shovel/flatten4	-26.8
item/spear/attack1	-22.1
item/spear/attack2	-23.9
item/spear/attack3	-24.5
item/spear/hit1	-16.9
item/spear/hit2	-19.4
item/spear/hit3	-17.6
item/spear/lunge1	-18.3
item/spear/lunge2	-18.5
item/spear/lunge3	-17.5
item/spear/use	-27.2
item/spear/wood/attack1	-23.1
item/spear/wood/attack2	-24.4
item/spear/wood/attack3	-19.1
item/spear/wood/hit1	-19.9
item/spear/wood/hit2	-21.3
item/spear/wood/hit3	-17.2
item/spear/wood/use	-25.9
item/spyglass/stop	-51.7
item/spyglass/use	-32.0
item/sweet_berries/pick_from_bush1	-30.9
item/sweet_berries/pick_from_bush2	-35.0
item/totem/use_totem	-7.5
item/trident/ground_impact1	-19.6
item/trident/ground_impact2	-22.2
item/trident/ground_impact3	-21.3
item/trident/ground_impact4	-21.8
item/trident/pierce1	-21.6
item/trident/pierce2	-22.2
item/trident/pierce3	-23.9
item/trident/return1	-21.2
item/trident/return2	-22.0
item/trident/return3	-22.4
item/trident/riptide1	-19.3
item/trident/riptide2	-16.4
item/trident/riptide3	-15.0
item/trident/throw1	-19.8
item/trident/throw2	-19.6
item/trident/thunder1	-12.4
item/trident/thunder2	-13.4
liquid/heavy_splash	-13.2
liquid/lava	-21.5
liquid/lavapop	-27.3
liquid/splash	-23.0
liquid/splash2	-26.5
liquid/swim1	-22.7
liquid/swim10	-18.1
liquid/swim11	-16.9
liquid/swim12	-15.3
liquid/swim13	-18.6
liquid/swim14	-20.1
liquid/swim15	-25.5
liquid/swim16	-23.9
liquid/swim17	-23.2
liquid/swim18	-26.1
liquid/swim2	-16.6
liquid/swim3	-17.8
liquid/swim4	-17.4
liquid/swim5	-18.2
liquid/swim6	-19.5
liquid/swim7	-16.6
liquid/swim8	-15.6
liquid/swim9	-14.4
liquid/water	-40.0
minecart/base	-11.5
minecart/inside	-10.6
minecart/inside_underwater1	-24.4
minecart/inside_underwater2	-24.2
minecart/inside_underwater3	-23.7
mob/allay/death1	-12.6
mob/allay/death2	-10.2
mob/allay/hurt1	-14.1
mob/allay/hurt2	-14.7
mob/allay/idle_with_item1	-12.2
mob/allay/idle_with_item2	-12.1
mob/allay/idle_with_item3	-13.7
mob/allay/idle_with_item4	-18.4
mob/allay/idle_without_item1	-16.6
mob/allay/idle_without_item2	-14.5
mob/allay/idle_without_item3	-14.7
mob/allay/idle_without_item4	-15.1
mob/allay/item_given1	-13.5
mob/allay/item_given2	-13.2
mob/allay/item_given3	-12.8
mob/allay/item_given4	-14.8
mob/allay/item_taken1	-15.3
mob/allay/item_taken2	-15.1
mob/allay/item_taken3	-15.8
mob/allay/item_taken4	-13.2
mob/allay/item_thrown1	-21.7
mob/armadillo/ambient1	-31.7
mob/armadillo/ambient2	-32.1
mob/armadillo/ambient3	-34.9
mob/armadillo/ambient4	-45.1
mob/armadillo/ambient5	-43.0
mob/armadillo/ambient6	-35.9
mob/armadillo/ambient7	-44.4
mob/armadillo/ambient8	-44.7
mob/armadillo/brush_armadillo1	-31.3
mob/armadillo/brush_armadillo2	-30.9
mob/armadillo/death1	-17.5
mob/armadillo/death2	-16.7
mob/armadillo/death3	-16.4
mob/armadillo/death4	-16.4
mob/armadillo/eat1	-32.4
mob/armadillo/eat2	-32.2
mob/armadillo/eat3	-33.4
mob/armadillo/hurt1	-20.2
mob/armadillo/hurt2	-18.1
mob/armadillo/hurt3	-18.9
mob/armadillo/hurt4	-17.9
mob/armadillo/hurt5	-17.5
mob/armadillo/hurt_reduced1	-24.1
mob/armadillo/hurt_reduced2	-24.4
mob/armadillo/hurt_reduced3	-27.3
mob/armadillo/hurt_reduced4	-26.2
mob/armadillo/land1	-33.6
mob/armadillo/land2	-35.2
mob/armadillo/land3	-35.2
mob/armadillo/land4	-36.2
mob/armadillo/peek	-37.6
mob/armadillo/roll1	-25.7
mob/armadillo/roll2	-23.4
mob/armadillo/roll3	-25.7
mob/armadillo/roll4	-28.3
mob/armadillo/scute_drop1	-29.7
mob/armadillo/scute_drop2	-30.3
mob/armadillo/step1	-34.1
mob/armadillo/step2	-39.5
mob/armadillo/step3	-36.2
mob/armadillo/step4	-37.7
mob/armadillo/step5	-36.9
mob/armadillo/unroll_finish1	-32.7
mob/armadillo/unroll_finish2	-33.0
mob/armadillo/unroll_start	-41.3
mob/axolotl/attack1	-26.2
mob/axolotl/attack2	-26.4
mob/axolotl/attack3	-27.2
mob/axolotl/attack4	-26.7
mob/axolotl/death1	-20.5
mob/axolotl/death2	-21.6
mob/axolotl/hurt1	-22.2
mob/axolotl/hurt2	-23.6
mob/axolotl/hurt3	-24.0
mob/axolotl/hurt4	-22.6
mob/axolotl/idle1	-41.4
mob/axolotl/idle2	-38.1
mob/axolotl/idle3	-35.4
mob/axolotl/idle4	-44.6
mob/axolotl/idle5	-41.0
mob/axolotl/idle_air1	-38.3
mob/axolotl/idle_air2	-38.8
mob/axolotl/idle_air3	-37.6
mob/axolotl/idle_air4	-41.6
mob/axolotl/idle_air5	-36.7
mob/baby_nautilus/ambient1	-24.5
mob/baby_nautilus/ambient2	-32.5
mob/baby_nautilus/ambient3	-25.2
mob/baby_nautilus/ambient4	-26.5
mob/baby_nautilus/ambient5	-29.4
mob/baby_nautilus/ambient6	-26.2
mob/baby_nautilus/ambient_land1	-21.5
mob/baby_nautilus/ambient_land2	-24.2
mob/baby_nautilus/ambient_land3	-31.2
mob/baby_nautilus/ambient_land4	-27.5
mob/baby_nautilus/death	-25.1
mob/baby_nautilus/death_land	-22.0
mob/baby_nautilus/eat1	-29.8
mob/baby_nautilus/eat2	-30.5
mob/baby_nautilus/hurt1	-23.2
mob/baby_nautilus/hurt2	-25.2
mob/baby_nautilus/hurt3	-24.0
mob/baby_nautilus/hurt4	-24.7
mob/baby_nautilus/hurt_land1	-24.7
mob/baby_nautilus/hurt_land2	-20.1
mob/baby_nautilus/hurt_land3	-18.3
mob/baby_nautilus/hurt_land4	-18.2
mob/bat/death	-5.8
mob/bat/hurt1	-11.1
mob/bat/hurt2	-9.5
mob/bat/hurt3	-10.9
mob/bat/hurt4	-12.0
mob/bat/idle1	-7.3
mob/bat/idle2	-10.3
mob/bat/idle3	-10.4
mob/bat/idle4	-7.6
mob/bat/loop	-21.4
mob/bat/takeoff	-16.3
mob/bee/aggressive1	-13.9
mob/bee/aggressive2	-13.0
mob/bee/aggressive3	-13.8
mob/bee/death1	-15.7
mob/bee/death2	-16.5
mob/bee/hurt1	-17.8
mob/bee/hurt2	-19.1
mob/bee/hurt3	-18.1
mob/bee/loop1	-20.0
mob/bee/loop2	-20.9
mob/bee/loop3	-25.3
mob/bee/loop4	-24.3
mob/bee/loop5	-20.2
mob/bee/pollinate1	-35.5
mob/bee/pollinate2	-35.4
mob/bee/pollinate3	-38.5
mob/bee/pollinate4	-37.5
mob/bee/sting	-21.5
mob/blaze/breathe1	-11.5
mob/blaze/breathe2	-12.2
mob/blaze/breathe3	-13.4
mob/blaze/breathe4	-13.5
mob/blaze/death	-13.9
mob/blaze/hit1	-20.1
mob/blaze/hit2	-16.5
mob/blaze/hit3	-18.5
mob/blaze/hit4	-16.4
mob/bogged/ambient1	-32.8
mob/bogged/ambient2	-38.7
mob/bogged/ambient3	-34.8
mob/bogged/ambient4	-30.1
mob/bogged/death	-14.7
mob/bogged/hurt1	-18.0
mob/bogged/hurt2	-19.2
mob/bogged/hurt3	-19.6
mob/bogged/hurt4	-19.1
mob/bogged/step1	-19.7
mob/bogged/step2	-24.5
mob/bogged/step3	-20.8
mob/bogged/step4	-24.0
mob/breeze/charge1	-23.6
mob/breeze/charge2	-23.5
mob/breeze/charge3	-23.7
mob/breeze/death1	-16.0
mob/breeze/death2	-17.2
mob/breeze/deflect1	-19.4
mob/breeze/deflect2	-19.7
mob/breeze/deflect3	-21.1
mob/breeze/hurt1	-18.5
mob/breeze/hurt2	-17.4
mob/breeze/hurt3	-16.7
mob/breeze/idle1	-24.5
mob/breeze/idle2	-23.8
mob/breeze/idle3	-22.4
mob/breeze/idle4	-21.8
mob/breeze/idle_air1	-19.3
mob/breeze/idle_air2	-20.7
mob/breeze/idle_air3	-19.8
mob/breeze/idle_air4	-20.1
mob/breeze/inhale1	-25.0
mob/breeze/inhale2	-24.8
mob/breeze/jump1	-18.4
mob/breeze/jump2	-18.7
mob/breeze/land1	-30.4
mob/breeze/land2	-30.0
mob/breeze/shoot	-14.9
mob/breeze/slide1	-32.3
mob/breeze/slide2	-35.0
mob/breeze/slide3	-31.9
mob/breeze/slide4	-30.3
mob/breeze/whirl	-48.5
mob/breeze/wind_burst1	-15.7
mob/breeze/wind_burst2	-14.8
mob/breeze/wind_burst3	-14.5
mob/camel/ambient1	-15.9
mob/camel/ambient2	-19.9
mob/camel/ambient3	-14.2
mob/camel/ambient4	-13.4
mob/camel/ambient5	-13.1
mob/camel/ambient6	-21.0
mob/camel/ambient7	-17.4
mob/camel/ambient8	-20.4
mob/camel/dash1	-16.0
mob/camel/dash2	-14.4
mob/camel/dash3	-14.4
mob/camel/dash4	-14.6
mob/camel/dash5	-14.2
mob/camel/dash6	-14.9
mob/camel/dash_ready1	-17.4
mob/camel/death1	-13.9
mob/camel/death2	-14.6
mob/camel/eat1	-16.6
mob/camel/eat2	-14.5
mob/camel/eat3	-17.8
mob/camel/eat4	-13.9
mob/camel/eat5	-17.3
mob/camel/hurt1	-15.8
mob/camel/hurt2	-12.5
mob/camel/hurt3	-14.5
mob/camel/hurt4	-13.5
mob/camel/sit1	-11.9
mob/camel/sit2	-11.7
mob/camel/sit3	-11.7
mob/camel/sit4	-11.8
mob/camel/stand1	-12.1
mob/camel/stand2	-11.2
mob/camel/stand3	-11.0
mob/camel/stand4	-9.4
mob/camel/stand5	-15.8
mob/camel/step1	-25.9
mob/camel/step2	-27.8
mob/camel/step3	-26.9
mob/camel/step4	-31.1
mob/camel/step5	-26.2
mob/camel/step6	-28.1
mob/camel/step_sand1	-28.1
mob/camel/step_sand2	-31.2
mob/camel/step_sand3	-33.6
mob/camel/step_sand4	-28.3
mob/camel/step_sand5	-28.1
mob/camel/step_sand6	-29.1
mob/camel_husk/ambient1	-22.8
mob/camel_husk/ambient2	-24.2
mob/camel_husk/ambient3	-23.5
mob/camel_husk/ambient4	-23.3
mob/camel_husk/ambient5	-20.7
mob/camel_husk/ambient6	-21.2
mob/camel_husk/ambient7	-20.5
mob/camel_husk/ambient8	-22.5
mob/camel_husk/dash1	-18.2
mob/camel_husk/dash2	-16.2
mob/camel_husk/dash3	-16.1
mob/camel_husk/dash4	-16.5
mob/camel_husk/dash5	-15.8
mob/camel_husk/dash6	-16.9
mob/camel_husk/dash_ready	-24.4
mob/camel_husk/death1	-15.7
mob/camel_husk/death2	-14.7
mob/camel_husk/eat1	-30.2
mob/camel_husk/eat2	-29.4
mob/camel_husk/eat3	-29.3
mob/camel_husk/eat4	-29.3
mob/camel_husk/eat5	-28.3
mob/camel_husk/hurt1	-17.2
mob/camel_husk/hurt2	-17.7
mob/camel_husk/hurt3	-16.9
mob/camel_husk/hurt4	-17.2
mob/camel_husk/sit1	-22.5
mob/camel_husk/sit2	-22.1
mob/camel_husk/sit3	-21.4
mob/camel_husk/sit4	-21.2
mob/camel_husk/stand1	-25.1
mob/camel_husk/stand2	-24.8
mob/camel_husk/stand3	-25.0
mob/camel_husk/stand4	-23.0
mob/camel_husk/stand5	-25.7
mob/camel_husk/step1	-25.8
mob/camel_husk/step2	-25.0
mob/camel_husk/step3	-25.9
mob/camel_husk/step4	-26.1
mob/camel_husk/step5	-25.0
mob/camel_husk/step6	-24.6
mob/camel_husk/step_sand1	-28.3
mob/camel_husk/step_sand2	-29.4
mob/camel_husk/step_sand3	-30.3
mob/camel_husk/step_sand4	-27.9
mob/camel_husk/step_sand5	-28.7
mob/camel_husk/step_sand6	-29.4
mob/cat/baby_cat/ambient1	-27.4
mob/cat/baby_cat/ambient2	-28.9
mob/cat/baby_cat/ambient3	-25.4
mob/cat/baby_cat/ambient4	-26.2
mob/cat/baby_cat/ambient5	-31.7
mob/cat/baby_cat/ambient6	-33.1
mob/cat/baby_cat/ambient7	-34.5
mob/cat/baby_cat/death	-26.7
mob/cat/baby_cat/hurt1	-25.2
mob/cat/baby_cat/hurt2	-31.9
mob/cat/baby_cat/hurt3	-23.8
mob/cat/beg1	-27.8
mob/cat/beg2	-27.9
mob/cat/beg3	-33.0
mob/cat/eat1	-32.9
mob/cat/eat2	-34.8
mob/cat/hiss1	-11.9
mob/cat/hiss2	-8.8
mob/cat/hiss3	-14.8
mob/cat/hitt1	-20.0
mob/cat/hitt2	-19.9
mob/cat/hitt3	-21.2
mob/cat/meow1	-21.1
mob/cat/meow2	-14.7
mob/cat/meow3	-18.3
mob/cat/meow4	-14.8
mob/cat/ocelot/death1	-18.4
mob/cat/ocelot/death2	-19.8
mob/cat/ocelot/death3	-19.1
mob/cat/ocelot/idle1	-28.5
mob/cat/ocelot/idle2	-35.8
mob/cat/ocelot/idle3	-32.6
mob/cat/ocelot/idle4	-30.0
mob/cat/purr1	-40.8
mob/cat/purr2	-30.1
mob/cat/purr3	-28.7
mob/cat/purreow1	-28.1
mob/cat/purreow2	-35.6
mob/cat/royal/ambient1	-27.4
mob/cat/royal/ambient2	-31.2
mob/cat/royal/ambient3	-22.9
mob/cat/royal/ambient4	-30.7
mob/cat/royal/ambient5	-28.0
mob/cat/royal/ambient6	-24.0
mob/cat/royal/death	-17.5
mob/cat/royal/hurt1	-21.5
mob/cat/royal/hurt2	-24.7
mob/cat/royal/hurt3	-29.3
mob/cat/stray/idle1	-16.6
mob/cat/stray/idle2	-16.2
mob/cat/stray/idle3	-16.7
mob/cat/stray/idle4	-26.1
mob/chicken/baby_chicken/ambient1	-37.5
mob/chicken/baby_chicken/ambient2	-37.5
mob/chicken/baby_chicken/death	-22.8
mob/chicken/baby_chicken/hurt1	-21.3
mob/chicken/baby_chicken/hurt2	-25.5
mob/chicken/baby_chicken/hurt3	-24.8
mob/chicken/baby_chicken/hurt4	-30.5
mob/chicken/baby_chicken/step	-120.7
mob/chicken/hurt1	-14.5
mob/chicken/hurt2	-20.5
mob/chicken/picky/ambient1	-34.6
mob/chicken/picky/ambient2	-33.3
mob/chicken/picky/ambient3	-36.3
mob/chicken/picky/ambient4	-32.5
mob/chicken/picky/ambient5	-40.1
mob/chicken/picky/ambient6	-33.3
mob/chicken/picky/ambient7	-32.0
mob/chicken/picky/ambient8	-35.2
mob/chicken/picky/death	-13.9
mob/chicken/picky/hurt1	-18.5
mob/chicken/picky/hurt2	-18.1
mob/chicken/picky/hurt3	-17.5
mob/chicken/plop	-25.3
mob/chicken/say1	-29.4
mob/chicken/say2	-26.2
mob/chicken/say3	-24.8
mob/chicken/step1	-36.2
mob/chicken/step2	-32.3
mob/coppergolem/item_drop	-37.8
mob/coppergolem/item_no_drop	-34.3
mob/coppergolem/no_item_get	-39.9
mob/coppergolem/no_item_no_get	-38.4
mob/coppergolem/oxidized/death	-17.1
mob/coppergolem/oxidized/hurt1	-17.2
mob/coppergolem/oxidized/hurt2	-18.2
mob/coppergolem/oxidized/hurt3	-18.5
mob/coppergolem/oxidized/hurt4	-19.2
mob/coppergolem/oxidized/spin1	-36.3
mob/coppergolem/oxidized/spin2	-35.2
mob/coppergolem/oxidized/spin3	-38.3
mob/coppergolem/oxidized/spin4	-41.0
mob/coppergolem/oxidized/spin5	-36.3
mob/coppergolem/oxidized/spin6	-34.8
mob/coppergolem/oxidized/spin7	-35.6
mob/coppergolem/oxidized/step1	-46.0
mob/coppergolem/oxidized/step2	-44.1
mob/coppergolem/oxidized/step3	-44.5
mob/coppergolem/oxidized/step4	-45.6
mob/coppergolem/oxidized/step5	-44.2
mob/coppergolem/oxidized/step6	-43.6
mob/coppergolem/oxidized/step7	-45.3
mob/coppergolem/oxidized/step8	-48.1
mob/coppergolem/oxidized/step9	-48.7
mob/coppergolem/regular/death	-21.4
mob/coppergolem/regular/hurt1	-22.6
mob/coppergolem/regular/hurt2	-23.1
mob/coppergolem/regular/hurt3	-21.6
mob/coppergolem/regular/hurt4	-23.2
mob/coppergolem/regular/spin1	-40.8
mob/coppergolem/regular/spin2	-42.0
mob/coppergolem/regular/spin3	-41.8
mob/coppergolem/regular/spin4	-40.2
mob/coppergolem/regular/spin5	-43.2
mob/coppergolem/regular/spin6	-43.0
mob/coppergolem/regular/spin7	-41.8
mob/coppergolem/regular/step1	-44.7
mob/coppergolem/regular/step2	-43.8
mob/coppergolem/regular/step3	-44.7
mob/coppergolem/regular/step4	-44.8
mob/coppergolem/regular/step5	-44.9
mob/coppergolem/regular/step6	-42.5
mob/coppergolem/regular/step7	-45.5
mob/coppergolem/regular/step8	-47.1
mob/coppergolem/regular/step9	-45.4
mob/coppergolem/spawn	-28.0
mob/coppergolem/weathered/death	-17.0
mob/coppergolem/weathered/hurt1	-18.8
mob/coppergolem/weathered/hurt2	-19.6
mob/coppergolem/weathered/hurt3	-19.3
mob/coppergolem/weathered/hurt4	-19.3
mob/coppergolem/weathered/spin1	-41.6
mob/coppergolem/weathered/spin2	-37.8
mob/coppergolem/weathered/spin3	-40.0
mob/coppergolem/weathered/spin4	-38.9
mob/coppergolem/weathered/spin5	-41.8
mob/coppergolem/weathered/spin6	-40.7
mob/coppergolem/weathered/spin7	-39.6
mob/coppergolem/weathered/step1	-46.3
mob/coppergolem/weathered/step2	-46.7
mob/coppergolem/weathered/step3	-47.4
mob/coppergolem/weathered/step4	-48.3
mob/coppergolem/weathered/step5	-47.0
mob/coppergolem/weathered/step6	-46.4
mob/coppergolem/weathered/step7	-45.1
mob/coppergolem/weathered/step8	-48.6
mob/coppergolem/weathered/step9	-50.1
mob/cow/hurt1	-11.1
mob/cow/hurt2	-10.8
mob/cow/hurt3	-10.5
mob/cow/moody/ambient1	-11.7
mob/cow/moody/ambient2	-11.6
mob/cow/moody/ambient3	-14.8
mob/cow/moody/ambient4	-8.9
mob/cow/moody/ambient5	-13.6
mob/cow/moody/ambient6	-16.1
mob/cow/moody/ambient7	-12.9
mob/cow/moody/ambient8	-13.9
mob/cow/moody/ambient9	-19.7
mob/cow/moody/death1	-10.0
mob/cow/moody/death2	-13.6
mob/cow/moody/hit1	-10.5
mob/cow/moody/hit2	-8.7
mob/cow/moody/hit3	-9.3
mob/cow/moody/hit4	-13.5
mob/cow/say1	-10.4
mob/cow/say2	-36.3
mob/cow/say3	-16.4
mob/cow/say4	-13.7
mob/cow/step1	-14.0
mob/cow/step2	-20.2
mob/cow/step3	-19.4
mob/cow/step4	-17.8
mob/creaking/creaking_activate	-20.3
mob/creaking/creaking_attack1	-20.4
mob/creaking/creaking_attack2	-22.8
mob/creaking/creaking_attack3	-18.5
mob/creaking/creaking_attack4	-20.0
mob/creaking/creaking_deactivate	-22.9
mob/creaking/creaking_death	-17.3
mob/creaking/creaking_freeze1	-27.7
mob/creaking/creaking_freeze2	-30.1
mob/creaking/creaking_freeze3	-29.0
mob/creaking/creaking_freeze4	-31.5
mob/creaking/creaking_idle1	-28.5
mob/creaking/creaking_idle2	-23.7
mob/creaking/creaking_idle3	-30.3
mob/creaking/creaking_idle4	-29.9
mob/creaking/creaking_idle5	-27.5
mob/creaking/creaking_idle6	-35.7
mob/creaking/creaking_spawn	-19.4
mob/creaking/creaking_step1	-23.2
mob/creaking/creaking_step2	-28.5
mob/creaking/creaking_step3	-26.7
mob/creaking/creaking_step4	-24.1
mob/creaking/creaking_step5	-29.2
mob/creaking/creaking_sway1	-34.8
mob/creaking/creaking_sway2	-20.6
mob/creaking/creaking_sway3	-19.7
mob/creaking/creaking_sway4	-23.7
mob/creaking/creaking_twitch	-21.8
mob/creaking/creaking_unfreeze1	-25.3
mob/creaking/creaking_unfreeze2	-25.8
mob/creaking/creaking_unfreeze3	-25.5
mob/creaking/parrot_imitate_creaking	-35.9
mob/creeper/death	-27.6
mob/creeper/say1	-18.2
mob/creeper/say2	-22.3
mob/creeper/say3	-29.6
mob/creeper/say4	-19.8
mob/dolphin/attack1	-20.3
mob/dolphin/attack2	-21.7
mob/dolphin/attack3	-23.1
mob/dolphin/blowhole1	-21.3
mob/dolphin/blowhole2	-24.6
mob/dolphin/death1	-12.0
mob/dolphin/death2	-14.5
mob/dolphin/eat1	-24.0
mob/dolphin/eat2	-23.8
mob/dolphin/eat3	-23.1
mob/dolphin/hurt1	-15.6
mob/dolphin/hurt2	-17.2
mob/dolphin/hurt3	-12.6
mob/dolphin/idle1	-28.0
mob/dolphin/idle2	-24.3
mob/dolphin/idle3	-28.5
mob/dolphin/idle4	-19.4
mob/dolphin/idle5	-16.2
mob/dolphin/idle6	-27.7
mob/dolphin/idle_water1	-19.8
mob/dolphin/idle_water10	-20.8
mob/dolphin/idle_water2	-40.0
mob/dolphin/idle_water3	-33.5
mob/dolphin/idle_water4	-40.8
mob/dolphin/idle_water5	-45.8
mob/dolphin/idle_water6	-34.6
mob/dolphin/idle_water7	-12.5
mob/dolphin/idle_water8	-13.7
mob/dolphin/idle_water9	-34.1
mob/dolphin/jump1	-23.5
mob/dolphin/jump2	-19.8
mob/dolphin/jump3	-24.3
mob/dolphin/play1	-20.5
mob/dolphin/play2	-17.4
mob/dolphin/splash1	-20.0
mob/dolphin/splash2	-20.4
mob/dolphin/splash3	-25.7
mob/dolphin/swim1	-29.1
mob/dolphin/swim2	-25.6
mob/dolphin/swim3	-29.0
mob/dolphin/swim4	-31.6
mob/drowned/convert1	-17.5
mob/drowned/convert2	-16.2
mob/drowned/convert3	-14.6
mob/drowned/death1	-17.6
mob/drowned/death2	-18.4
mob/drowned/hurt1	-19.0
mob/drowned/hurt2	-19.8
mob/drowned/hurt3	-20.9
mob/drowned/idle1	-23.1
mob/drowned/idle2	-24.3
mob/drowned/idle3	-25.4
mob/drowned/idle4	-25.5
mob/drowned/idle5	-22.0
mob/drowned/step1	-28.0
mob/drowned/step2	-32.1
mob/drowned/step3	-29.7
mob/drowned/step4	-26.2
mob/drowned/step5	-29.8
mob/drowned/water/death1	-17.9
mob/drowned/water/death2	-18.7
mob/drowned/water/hurt1	-19.1
mob/drowned/water/hurt2	-20.1
mob/drowned/water/hurt3	-21.0
mob/drowned/water/idle1	-25.0
mob/drowned/water/idle2	-20.7
mob/drowned/water/idle3	-25.8
mob/drowned/water/idle4	-27.1
mob/enderdragon/end	-3.5
mob/enderdragon/growl1	-10.2
mob/enderdragon/growl2	-7.7
mob/enderdragon/growl3	-6.7
mob/enderdragon/growl4	-7.9
mob/enderdragon/hit1	-12.3
mob/enderdragon/hit2	-11.2
mob/enderdragon/hit3	-11.2
mob/enderdragon/hit4	-11.8
mob/enderdragon/wings1	-22.1
mob/enderdragon/wings2	-19.4
mob/enderdragon/wings3	-17.8
mob/enderdragon/wings4	-22.3
mob/enderdragon/wings5	-20.7
mob/enderdragon/wings6	-17.7
mob/endermen/death	-9.9
mob/endermen/hit1	-15.3
mob/endermen/hit2	-15.8
mob/endermen/hit3	-17.0
mob/endermen/hit4	-18.4
mob/endermen/idle1	-15.6
mob/endermen/idle2	-21.5
mob/endermen/idle3	-14.4
mob/endermen/idle4	-21.7
mob/endermen/idle5	-18.2
mob/endermen/portal	-18.4
mob/endermen/portal2	-13.2
mob/endermen/scream1	-8.2
mob/endermen/scream2	-11.6
mob/endermen/scream3	-10.4
mob/endermen/scream4	-10.9
mob/endermen/stare	-14.4
mob/evocation_illager/cast1	-16.7
mob/evocation_illager/cast2	-18.0
mob/evocation_illager/celebrate	-16.4
mob/evocation_illager/death1	-16.4
mob/evocation_illager/death2	-15.3
mob/evocation_illager/fangs	-15.4
mob/evocation_illager/hurt1	-19.4
mob/evocation_illager/hurt2	-16.5
mob/evocation_illager/idle1	-17.9
mob/evocation_illager/idle2	-18.1
mob/evocation_illager/idle3	-19.1
mob/evocation_illager/idle4	-22.6
mob/evocation_illager/prepare_attack1	-15.1
mob/evocation_illager/prepare_attack2	-14.5
mob/evocation_illager/prepare_summon	-18.8
mob/evocation_illager/prepare_wololo	-18.0
mob/fox/aggro1	-23.2
mob/fox/aggro2	-27.8
mob/fox/aggro3	-20.5
mob/fox/aggro4	-20.7
mob/fox/aggro5	-19.4
mob/fox/aggro6	-20.4
mob/fox/aggro7	-28.0
mob/fox/bite1	-19.2
mob/fox/bite2	-19.8
mob/fox/bite3	-21.4
mob/fox/death1	-12.5
mob/fox/death2	-14.9
mob/fox/eat1	-25.2
mob/fox/eat2	-20.3
mob/fox/eat3	-21.8
mob/fox/hurt1	-17.7
mob/fox/hurt2	-19.8
mob/fox/hurt3	-22.3
mob/fox/hurt4	-18.6
mob/fox/idle1	-26.8
mob/fox/idle2	-34.3
mob/fox/idle3	-35.4
mob/fox/idle4	-36.8
mob/fox/idle5	-39.1
mob/fox/idle6	-37.9
mob/fox/screech1	-17.5
mob/fox/screech2	-19.5
mob/fox/screech3	-16.7
mob/fox/screech4	-18.8
mob/fox/sleep1	-39.7
mob/fox/sleep2	-38.4
mob/fox/sleep3	-40.7
mob/fox/sleep4	-44.5
mob/fox/sleep5	-42.6
mob/fox/sniff1	-34.4
mob/fox/sniff2	-28.6
mob/fox/sniff3	-29.4
mob/fox/sniff4	-33.3
mob/fox/spit1	-33.0
mob/fox/spit2	-33.5
mob/fox/spit3	-32.7
mob/frog/death1	-19.2
mob/frog/death2	-19.6
mob/frog/death3	-19.0
mob/frog/eat1	-37.3
mob/frog/eat2	-36.8
mob/frog/eat3	-37.3
mob/frog/eat4	-40.3
mob/frog/hurt1	-21.2
mob/frog/hurt2	-21.5
mob/frog/hurt3	-20.8
mob/frog/hurt4	-24.8
mob/frog/hurt5	-20.3
mob/frog/idle1	-22.4
mob/frog/idle2	-37.0
mob/frog/idle3	-32.7
mob/frog/idle4	-25.2
mob/frog/idle5	-35.0
mob/frog/idle6	-36.7
mob/frog/idle7	-28.5
mob/frog/idle8	-25.3
mob/frog/lay_spawn1	-22.5
mob/frog/lay_spawn2	-26.7
mob/frog/long_jump1	-28.6
mob/frog/long_jump2	-28.0
mob/frog/long_jump3	-26.9
mob/frog/long_jump4	-27.2
mob/frog/step1	-39.8
mob/frog/step2	-41.6
mob/frog/step3	-40.4
mob/frog/step4	-40.8
mob/frog/tongue1	-37.3
mob/frog/tongue2	-36.1
mob/frog/tongue3	-41.4
mob/frog/tongue4	-40.5
mob/ghast/affectionate_scream	-8.8
mob/ghast/charge	-14.7
mob/ghast/death	-21.0
mob/ghast/fireball4	-14.8
mob/ghast/moan1	-19.6
mob/ghast/moan2	-26.1
mob/ghast/moan3	-16.2
mob/ghast/moan4	-20.5
mob/ghast/moan5	-18.3
mob/ghast/moan6	-19.5
mob/ghast/moan7	-27.8
mob/ghast/scream1	-9.5
mob/ghast/scream2	-7.6
mob/ghast/scream3	-10.6
mob/ghast/scream4	-7.3
mob/ghast/scream5	-10.2
mob/ghastling/death	-18.0
mob/ghastling/ghastling1	-21.0
mob/ghastling/ghastling2	-21.5
mob/ghastling/ghastling3	-20.2
mob/ghastling/ghastling4	-15.4
mob/ghastling/ghastling5	-17.9
mob/ghastling/ghastling6	-14.6
mob/ghastling/ghastling7	-15.5
mob/ghastling/hurt1	-24.4
mob/ghastling/hurt2	-20.6
mob/ghastling/hurt3	-15.8
mob/ghastling/hurt4	-14.2
mob/ghastling/hurt5	-16.8
mob/ghastling/spawn	-21.5
mob/glow_squid/ambient1	-27.7
mob/glow_squid/ambient2	-29.5
mob/glow_squid/ambient3	-30.3
mob/glow_squid/ambient4	-29.0
mob/glow_squid/ambient5	-35.8
mob/glow_squid/death1	-16.9
mob/glow_squid/death2	-19.0
mob/glow_squid/death3	-16.8
mob/glow_squid/hurt1	-16.0
mob/glow_squid/hurt2	-17.5
mob/glow_squid/hurt3	-18.5
mob/glow_squid/hurt4	-18.5
mob/glow_squid/squirt1	-18.1
mob/glow_squid/squirt2	-18.2
mob/glow_squid/squirt3	-18.8
mob/goat/death1	-17.2
mob/goat/death2	-15.3
mob/goat/death3	-15.5
mob/goat/death4	-13.2
mob/goat/death5	-15.7
mob/goat/eat1	-26.2
mob/goat/eat2	-26.2
mob/goat/eat3	-24.9
mob/goat/horn_break1	-15.3
mob/goat/horn_break2	-16.5
mob/goat/horn_break3	-16.8
mob/goat/horn_break4	-17.0
mob/goat/hurt1	-19.0
mob/goat/hurt2	-20.4
mob/goat/hurt3	-16.6
mob/goat/hurt4	-16.6
mob/goat/idle1	-16.7
mob/goat/idle2	-21.6
mob/goat/idle3	-29.9
mob/goat/idle4	-28.7
mob/goat/idle5	-34.6
mob/goat/idle6	-34.5
mob/goat/idle7	-25.4
mob/goat/idle8	-31.8
mob/goat/impact1	-19.1
mob/goat/impact2	-19.6
mob/goat/impact3	-18.4
mob/goat/jump1	-24.5
mob/goat/jump2	-24.8
mob/goat/pre_ram1	-18.7
mob/goat/pre_ram2	-20.5
mob/goat/pre_ram3	-21.5
mob/goat/pre_ram4	-17.1
mob/goat/scream1	-16.8
mob/goat/scream2	-15.3
mob/goat/scream3	-17.1
mob/goat/scream4	-18.2
mob/goat/scream5	-16.9
mob/goat/scream6	-17.1
mob/goat/scream7	-15.0
mob/goat/scream8	-18.6
mob/goat/scream9	-17.7
mob/goat/screaming_death1	-15.2
mob/goat/screaming_death2	-15.5
mob/goat/screaming_death3	-17.7
mob/goat/screaming_hurt1	-16.8
mob/goat/screaming_hurt2	-14.3
mob/goat/screaming_hurt3	-12.1
mob/goat/screaming_milk1	-17.8
mob/goat/screaming_milk2	-17.4
mob/goat/screaming_milk3	-18.2
mob/goat/screaming_milk4	-18.5
mob/goat/screaming_milk5	-19.9
mob/goat/screaming_pre_ram1	-12.5
mob/goat/screaming_pre_ram2	-16.3
mob/goat/screaming_pre_ram3	-14.7
mob/goat/screaming_pre_ram4	-16.3
mob/goat/screaming_pre_ram5	-16.2
mob/goat/step1	-35.8
mob/goat/step2	-36.7
mob/goat/step3	-31.6
mob/goat/step4	-35.8
mob/goat/step5	-33.9
mob/goat/step6	-34.2
mob/guardian/attack_loop	-33.9
mob/guardian/curse	-13.9
mob/guardian/elder_death	-18.5
mob/guardian/elder_hit1	-18.6
mob/guardian/elder_hit2	-16.3
mob/guardian/elder_hit3	-15.7
mob/guardian/elder_hit4	-16.0
mob/guardian/elder_idle1	-16.1
mob/guardian/elder_idle2	-15.4
mob/guardian/elder_idle3	-13.6
mob/guardian/elder_idle4	-14.7
mob/guardian/flop1	-28.1
mob/guardian/flop2	-28.2
mob/guardian/flop3	-27.1
mob/guardian/flop4	-28.4
mob/guardian/guardian_death	-18.4
mob/guardian/guardian_hit1	-23.9
mob/guardian/guardian_hit2	-18.2
mob/guardian/guardian_hit3	-21.0
mob/guardian/guardian_hit4	-19.8
mob/guardian/guardian_idle1	-14.5
mob/guardian/guardian_idle2	-15.5
mob/guardian/guardian_idle3	-12.7
mob/guardian/guardian_idle4	-11.0
mob/guardian/land_death	-14.0
mob/guardian/land_hit1	-24.8
mob/guardian/land_hit2	-21.7
mob/guardian/land_hit3	-24.0
mob/guardian/land_hit4	-23.0
mob/guardian/land_idle1	-17.3
mob/guardian/land_idle2	-18.8
mob/guardian/land_idle3	-14.0
mob/guardian/land_idle4	-18.8
mob/happy_ghast/ambient1	-19.4
mob/happy_ghast/ambient10	-22.0
mob/happy_ghast/ambient11	-21.4
mob/happy_ghast/ambient12	-22.4
mob/happy_ghast/ambient13	-21.8
mob/happy_ghast/ambient14	-22.5
mob/happy_ghast/ambient2	-20.5
mob/happy_ghast/ambient3	-20.8
mob/happy_ghast/ambient4	-21.6
mob/happy_ghast/ambient5	-21.1
mob/happy_ghast/ambient6	-18.6
mob/happy_ghast/ambient7	-18.4
mob/happy_ghast/ambient8	-20.2
mob/happy_ghast/ambient9	-21.5
mob/happy_ghast/death	-25.4
mob/happy_ghast/ghast_ride	-46.1
mob/happy_ghast/goggles_down	-20.1
mob/happy_ghast/goggles_up	-20.0
mob/happy_ghast/harness_equip	-23.4
mob/happy_ghast/harness_unequip	-26.0
mob/happy_ghast/hurt1	-22.5
mob/happy_ghast/hurt2	-23.4
mob/happy_ghast/hurt3	-20.2
mob/happy_ghast/hurt4	-20.7
mob/happy_ghast/hurt5	-20.0
mob/happy_ghast/hurt6	-21.9
mob/hoglin/angry1	-13.0
mob/hoglin/angry2	-9.7
mob/hoglin/angry3	-8.6
mob/hoglin/angry4	-8.8
mob/hoglin/angry5	-9.2
mob/hoglin/angry6	-11.1
mob/hoglin/attack1	-12.3
mob/hoglin/attack2	-11.0
mob/hoglin/converted1	-11.2
mob/hoglin/converted2	-12.5
mob/hoglin/death1	-7.7
mob/hoglin/death2	-7.9
mob/hoglin/death3	-8.1
mob/hoglin/hurt1	-11.8
mob/hoglin/hurt2	-10.5
mob/hoglin/hurt3	-11.4
mob/hoglin/hurt4	-11.5
mob/hoglin/idle1	-13.5
mob/hoglin/idle10	-14.3
mob/hoglin/idle11	-13.5
mob/hoglin/idle2	-15.8
mob/hoglin/idle3	-15.6
mob/hoglin/idle4	-14.4
mob/hoglin/idle5	-16.9
mob/hoglin/idle6	-12.1
mob/hoglin/idle7	-13.0
mob/hoglin/idle8	-19.7
mob/hoglin/idle9	-13.9
mob/hoglin/retreat1	-9.4
mob/hoglin/retreat2	-13.9
mob/hoglin/retreat3	-12.2
mob/hoglin/step1	-16.3
mob/hoglin/step2	-18.1
mob/hoglin/step3	-16.4
mob/hoglin/step4	-18.1
mob/hoglin/step5	-14.9
mob/hoglin/step6	-15.6
mob/horse/angry1	-20.0
mob/horse/armor	-14.2
mob/horse/armor_unequip	-16.4
mob/horse/baby_horse/ambient1	-27.6
mob/horse/baby_horse/ambient2	-34.5
mob/horse/baby_horse/ambient3	-31.3
mob/horse/baby_horse/ambient4	-31.1
mob/horse/baby_horse/ambient5	-29.2
mob/horse/baby_horse/ambient6	-36.8
mob/horse/baby_horse/ambient7	-33.0
mob/horse/baby_horse/ambient8	-120.7
mob/horse/baby_horse/angry	-26.4
mob/horse/baby_horse/death	-22.1
mob/horse/baby_horse/eat1	-28.8
mob/horse/baby_horse/eat2	-32.8
mob/horse/baby_horse/eat3	-31.5
mob/horse/baby_horse/eat4	-28.2
mob/horse/baby_horse/eat5	-33.1
mob/horse/baby_horse/hurt1	-28.5
mob/horse/baby_horse/hurt2	-27.0
mob/horse/baby_horse/hurt3	-22.1
mob/horse/baby_horse/land	-28.3
mob/horse/baby_horse/step1	-36.4
mob/horse/baby_horse/step2	-37.9
mob/horse/baby_horse/step3	-36.4
mob/horse/baby_horse/step4	-39.2
mob/horse/baby_horse/step5	-41.8
mob/horse/baby_horse/step6	-35.7
mob/horse/breathe1	-28.7
mob/horse/breathe2	-33.9
mob/horse/breathe3	-36.2
mob/horse/death	-8.3
mob/horse/donkey/angry1	-8.2
mob/horse/donkey/angry2	-14.1
mob/horse/donkey/death	-6.2
mob/horse/donkey/hit1	-15.4
mob/horse/donkey/hit2	-18.9
mob/horse/donkey/hit3	-16.5
mob/horse/donkey/idle1	-28.8
mob/horse/donkey/idle2	-28.7
mob/horse/donkey/idle3	-20.1
mob/horse/eat1	-17.2
mob/horse/eat2	-22.2
mob/horse/eat3	-20.7
mob/horse/eat4	-16.0
mob/horse/eat5	-21.8
mob/horse/gallop1	-16.8
mob/horse/gallop2	-16.5
mob/horse/gallop3	-16.6
mob/horse/gallop4	-13.6
mob/horse/hit1	-9.9
mob/horse/hit2	-10.3
mob/horse/hit3	-11.3
mob/horse/hit4	-8.4
mob/horse/idle1	-25.5
mob/horse/idle2	-28.0
mob/horse/idle3	-27.3
mob/horse/jump	-19.5
mob/horse/land	-16.8
mob/horse/leather	-21.2
mob/horse/saddle_unequip	-21.0
mob/horse/skeleton/death	-11.5
mob/horse/skeleton/hit1	-13.9
mob/horse/skeleton/hit2	-15.2
mob/horse/skeleton/hit3	-14.6
mob/horse/skeleton/hit4	-13.1
mob/horse/skeleton/idle1	-23.5
mob/horse/skeleton/idle2	-29.4
mob/horse/skeleton/idle3	-27.0
mob/horse/skeleton/water/gallop1	-15.4
mob/horse/skeleton/water/gallop2	-15.4
mob/horse/skeleton/water/gallop3	-16.5
mob/horse/skeleton/water/gallop4	-14.4
mob/horse/skeleton/water/idle1	-18.5
mob/horse/skeleton/water/idle2	-23.7
mob/horse/skeleton/water/idle3	-21.7
mob/horse/skeleton/water/idle4	-23.7
mob/horse/skeleton/water/idle5	-22.7
mob/horse/skeleton/water/jump	-19.7
mob/horse/skeleton/water/soft1	-30.4
mob/horse/skeleton/water/soft2	-26.9
mob/horse/skeleton/water/soft3	-31.6
mob/horse/skeleton/water/soft4	-33.2
mob/horse/skeleton/water/soft5	-26.7
mob/horse/skeleton/water/soft6	-26.7
mob/horse/soft1	-31.5
mob/horse/soft2	-28.0
mob/horse/soft3	-32.9
mob/horse/soft4	-34.7
mob/horse/soft5	-28.0
mob/horse/soft6	-28.0
mob/horse/wood1	-27.2
mob/horse/wood2	-28.5
mob/horse/wood3	-26.8
mob/horse/wood4	-28.7
mob/horse/wood5	-25.4
mob/horse/wood6	-25.6
mob/horse/zombie/angry	-15.7
mob/horse/zombie/death	-14.3
mob/horse/zombie/hit1	-10.1
mob/horse/zombie/hit2	-11.0
mob/horse/zombie/hit3	-14.2
mob/horse/zombie/hit4	-10.2
mob/horse/zombie/idle1	-23.6
mob/horse/zombie/idle2	-28.1
mob/horse/zombie/idle3	-26.7
mob/husk/convert1	-15.1
mob/husk/convert2	-15.0
mob/husk/death1	-20.2
mob/husk/death2	-19.7
mob/husk/hurt1	-24.6
mob/husk/hurt2	-21.3
mob/husk/idle1	-24.2
mob/husk/idle2	-22.7
mob/husk/idle3	-21.6
mob/husk/step1	-24.0
mob/husk/step2	-29.6
mob/husk/step3	-26.7
mob/husk/step4	-26.0
mob/husk/step5	-33.6
mob/illusion_illager/death1	-13.6
mob/illusion_illager/death2	-16.8
mob/illusion_illager/hurt1	-17.7
mob/illusion_illager/hurt2	-16.5
mob/illusion_illager/hurt3	-20.3
mob/illusion_illager/idle1	-18.2
mob/illusion_illager/idle2	-19.6
mob/illusion_illager/idle3	-20.3
mob/illusion_illager/idle4	-19.2
mob/illusion_illager/mirror_move1	-18.9
mob/illusion_illager/mirror_move2	-17.8
mob/illusion_illager/prepare_blind	-21.3
mob/illusion_illager/prepare_mirror	-22.9
mob/irongolem/damage1	-15.3
mob/irongolem/damage2	-14.5
mob/irongolem/death	-12.1
mob/irongolem/hit1	-15.3
mob/irongolem/hit2	-16.7
mob/irongolem/hit3	-15.4
mob/irongolem/hit4	-18.2
mob/irongolem/repair	-13.3
mob/irongolem/throw	-29.7
mob/irongolem/walk1	-25.7
mob/irongolem/walk2	-27.4
mob/irongolem/walk3	-34.5
mob/irongolem/walk4	-30.3
mob/llama/angry1	-18.5
mob/llama/death1	-14.7
mob/llama/death2	-15.2
mob/llama/eat1	-23.6
mob/llama/eat2	-26.0
mob/llama/eat3	-25.7
mob/llama/hurt1	-15.0
mob/llama/hurt2	-14.0
mob/llama/hurt3	-16.6
mob/llama/idle1	-15.6
mob/llama/idle2	-22.4
mob/llama/idle3	-14.4
mob/llama/idle4	-14.3
mob/llama/idle5	-30.6
mob/llama/spit1	-18.5
mob/llama/spit2	-19.9
mob/llama/step1	-24.7
mob/llama/step2	-25.6
mob/llama/step3	-25.5
mob/llama/step4	-24.5
mob/llama/step5	-26.6
mob/llama/swag	-23.6
mob/llama/unequip	-22.1
mob/magmacube/big1	-24.3
mob/magmacube/big2	-26.9
mob/magmacube/big3	-21.8
mob/magmacube/big4	-19.2
mob/magmacube/jump1	-28.3
mob/magmacube/jump2	-23.0
mob/magmacube/jump3	-26.6
mob/magmacube/jump4	-28.3
mob/magmacube/small1	-26.6
mob/magmacube/small2	-23.1
mob/magmacube/small3	-26.8
mob/magmacube/small4	-24.4
mob/magmacube/small5	-24.4
mob/mooshroom/convert1	-10.0
mob/mooshroom/convert2	-10.1
mob/mooshroom/eat1	-24.8
mob/mooshroom/eat2	-26.7
mob/mooshroom/eat3	-25.9
mob/mooshroom/eat4	-24.2
mob/mooshroom/milk1	-26.2
mob/mooshroom/milk2	-24.8
mob/mooshroom/milk3	-25.3
mob/nautilus/ambient1	-25.9
mob/nautilus/ambient2	-21.0
mob/nautilus/ambient3	-28.9
mob/nautilus/ambient4	-27.2
mob/nautilus/ambient5	-28.2
mob/nautilus/ambient6	-34.1
mob/nautilus/ambient7	-31.3
mob/nautilus/ambient8	-26.0
mob/nautilus/ambient_land1	-21.9
mob/nautilus/ambient_land2	-19.5
mob/nautilus/ambient_land3	-22.4
mob/nautilus/ambient_land4	-23.2
mob/nautilus/ambient_land5	-23.2
mob/nautilus/ambient_land6	-24.4
mob/nautilus/ambient_land7	-24.8
mob/nautilus/dash1	-10.8
mob/nautilus/dash2	-10.5
mob/nautilus/dash3	-9.8
mob/nautilus/dash4	-11.0
mob/nautilus/dash_land1	-13.1
mob/nautilus/dash_land2	-12.5
mob/nautilus/dash_land3	-14.3
mob/nautilus/dash_land4	-13.0
mob/nautilus/dash_ready1	-17.2
mob/nautilus/dash_ready2	-19.2
mob/nautilus/dash_ready3	-17.8
mob/nautilus/dash_ready_land1	-19.7
mob/nautilus/dash_ready_land2	-17.0
mob/nautilus/dash_ready_land3	-20.8
mob/nautilus/dash_ready_land4	-25.0
mob/nautilus/death	-21.4
mob/nautilus/death_land	-12.8
mob/nautilus/eat1	-24.1
mob/nautilus/eat2	-24.4
mob/nautilus/hurt1	-23.1
mob/nautilus/hurt2	-25.3
mob/nautilus/hurt3	-27.5
mob/nautilus/hurt4	-23.3
mob/nautilus/hurt_land1	-21.6
mob/nautilus/hurt_land2	-17.8
mob/nautilus/hurt_land3	-20.2
mob/nautilus/hurt_land4	-18.7
mob/nautilus/nautilus_saddle_equip	-20.2
mob/nautilus/nautilus_saddle_underwater_equip	-17.1
mob/nautilus/ride	-32.6
mob/nautilus/swim1	-14.5
mob/nautilus/swim2	-17.3
mob/nautilus/swim3	-15.3
mob/nautilus/swim4	-9.1
mob/nautilus/swim5	-9.9
mob/nautilus/swim6	-9.4
mob/nautilus/swim7	-8.9
mob/nautilus/swim8	-8.9
mob/nautilus/swim9	-15.0
mob/panda/aggressive/aggressive1	-18.0
mob/panda/aggressive/aggressive2	-18.6
mob/panda/aggressive/aggressive3	-21.3
mob/panda/aggressive/aggressive4	-22.5
mob/panda/bite1	-20.3
mob/panda/bite2	-21.6
mob/panda/bite3	-17.8
mob/panda/cant_breed1	-22.9
mob/panda/cant_breed2	-22.9
mob/panda/cant_breed3	-22.0
mob/panda/cant_breed4	-20.1
mob/panda/cant_breed5	-19.0
mob/panda/death1	-10.4
mob/panda/death2	-12.5
mob/panda/death3	-12.5
mob/panda/death4	-10.2
mob/panda/eat1	-33.4
mob/panda/eat10	-30.3
mob/panda/eat11	-34.6
mob/panda/eat12	-37.5
mob/panda/eat2	-34.9
mob/panda/eat3	-31.0
mob/panda/eat4	-40.1
mob/panda/eat5	-30.7
mob/panda/eat6	-37.5
mob/panda/eat7	-33.6
mob/panda/eat8	-30.2
mob/panda/eat9	-39.4
mob/panda/hurt1	-13.7
mob/panda/hurt2	-14.1
mob/panda/hurt3	-15.7
mob/panda/hurt4	-17.5
mob/panda/hurt5	-15.5
mob/panda/hurt6	-12.6
mob/panda/idle1	-29.7
mob/panda/idle2	-25.2
mob/panda/idle3	-23.6
mob/panda/idle4	-27.9
mob/panda/nosebreath1	-33.0
mob/panda/nosebreath2	-33.7
mob/panda/nosebreath3	-28.9
mob/panda/pant1	-34.0
mob/panda/pant2	-39.8
mob/panda/pre_sneeze	-31.2
mob/panda/sneeze1	-17.2
mob/panda/sneeze2	-19.0
mob/panda/sneeze3	-17.2
mob/panda/step1	-26.9
mob/panda/step2	-28.7
mob/panda/step3	-25.0
mob/panda/step4	-25.4
mob/panda/step5	-26.5
mob/panda/worried/worried1	-26.2
mob/panda/worried/worried2	-30.8
mob/panda/worried/worried3	-31.3
mob/panda/worried/worried4	-30.9
mob/panda/worried/worried5	-30.6
mob/panda/worried/worried6	-23.6
mob/parched/ambient1	-25.0
mob/parched/ambient2	-31.1
mob/parched/ambient3	-23.9
mob/parched/ambient4	-23.3
mob/parched/death	-16.7
mob/parched/hurt1	-17.8
mob/parched/hurt2	-16.1
mob/parched/hurt3	-20.5
mob/parched/hurt4	-18.0
mob/parched/step1	-25.6
mob/parched/step2	-24.9
mob/parched/step3	-22.9
mob/parched/step4	-22.7
mob/parrot/death1	-18.9
mob/parrot/death2	-17.8
mob/parrot/death3	-18.9
mob/parrot/death4	-20.2
mob/parrot/eat1	-31.4
mob/parrot/eat2	-33.3
mob/parrot/eat3	-33.3
mob/parrot/fly1	-39.2
mob/parrot/fly2	-43.1
mob/parrot/fly3	-43.3
mob/parrot/fly4	-41.8
mob/parrot/fly5	-41.3
mob/parrot/fly6	-41.4
mob/parrot/fly7	-40.9
mob/parrot/fly8	-40.0
mob/parrot/hurt1	-18.5
mob/parrot/hurt2	-23.0
mob/parrot/idle1	-26.2
mob/parrot/idle2	-22.8
mob/parrot/idle3	-20.6
mob/parrot/idle4	-21.8
mob/parrot/idle5	-26.0
mob/parrot/idle6	-24.9
mob/parrot/step1	-38.9
mob/parrot/step2	-35.7
mob/parrot/step3	-36.8
mob/parrot/step4	-37.1
mob/parrot/step5	-34.0
mob/phantom/bite1	-12.6
mob/phantom/bite2	-12.5
mob/phantom/death1	-14.6
mob/phantom/death2	-16.1
mob/phantom/death3	-15.7
mob/phantom/flap1	-35.5
mob/phantom/flap2	-32.6
mob/phantom/flap3	-33.2
mob/phantom/flap4	-34.1
mob/phantom/flap5	-31.1
mob/phantom/flap6	-28.6
mob/phantom/hurt1	-17.1
mob/phantom/hurt2	-17.4
mob/phantom/hurt3	-17.9
mob/phantom/idle1	-25.7
mob/phantom/idle2	-24.9
mob/phantom/idle3	-22.3
mob/phantom/idle4	-18.4
mob/phantom/idle5	-23.4
mob/phantom/swoop1	-15.7
mob/phantom/swoop2	-19.5
mob/phantom/swoop3	-17.2
mob/phantom/swoop4	-15.8
mob/pig/baby_pig/ambient1	-34.2
mob/pig/baby_pig/ambient2	-30.3
mob/pig/baby_pig/ambient3	-28.1
mob/pig/baby_pig/ambient4	-24.7
mob/pig/baby_pig/ambient5	-33.7
mob/pig/baby_pig/ambient6	-24.6
mob/pig/baby_pig/death	-18.4
mob/pig/baby_pig/eat1	-34.0
mob/pig/baby_pig/eat2	-35.0
mob/pig/baby_pig/hit1	-22.5
mob/pig/baby_pig/hit2	-23.6
mob/pig/baby_pig/hit3	-21.8
mob/pig/baby_pig/step1	-35.4
mob/pig/baby_pig/step2	-38.3
mob/pig/baby_pig/step3	-42.4
mob/pig/baby_pig/step4	-35.4
mob/pig/baby_pig/step5	-31.4
mob/pig/big/ambient1	-27.0
mob/pig/big/ambient2	-33.1
mob/pig/big/ambient3	-36.2
mob/pig/big/ambient4	-32.7
mob/pig/big/ambient5	-35.4
mob/pig/big/ambient6	-32.6
mob/pig/big/ambient7	-35.4
mob/pig/big/ambient8	-33.3
mob/pig/big/ambient9	-34.2
mob/pig/big/death	-22.3
mob/pig/big/eat1	-35.3
mob/pig/big/eat2	-36.2
mob/pig/big/hit1	-28.2
mob/pig/big/hit2	-22.7
mob/pig/big/hit3	-25.8
mob/pig/death	-14.6
mob/pig/eat1	-35.7
mob/pig/eat2	-35.3
mob/pig/mini/ambient1	-27.0
mob/pig/mini/ambient2	-29.0
mob/pig/mini/ambient3	-29.9
mob/pig/mini/ambient4	-29.2
mob/pig/mini/ambient5	-26.1
mob/pig/mini/ambient6	-28.9
mob/pig/mini/death	-23.4
mob/pig/mini/eat1	-35.6
mob/pig/mini/eat2	-36.9
mob/pig/mini/hurt1	-24.1
mob/pig/mini/hurt2	-29.4
mob/pig/mini/hurt3	-24.7
mob/pig/say1	-28.4
mob/pig/say2	-30.8
mob/pig/say3	-28.3
mob/pig/step1	-23.2
mob/pig/step2	-26.5
mob/pig/step3	-29.8
mob/pig/step4	-23.1
mob/pig/step5	-20.4
mob/piglin/admire1	-13.5
mob/piglin/admire2	-15.8
mob/piglin/angry1	-16.8
mob/piglin/angry2	-14.3
mob/piglin/angry3	-12.1
mob/piglin/angry4	-10.3
mob/piglin/celebrate1	-16.8
mob/piglin/celebrate2	-14.2
mob/piglin/celebrate3	-13.1
mob/piglin/celebrate4	-18.8
mob/piglin/converted1	-7.7
mob/piglin/converted2	-8.0
mob/piglin/death1	-9.8
mob/piglin/death2	-9.3
mob/piglin/death3	-13.8
mob/piglin/death4	-8.8
mob/piglin/hurt1	-14.9
mob/piglin/hurt2	-18.3
mob/piglin/hurt3	-16.8
mob/piglin/idle1	-8.2
mob/piglin/idle2	-19.3
mob/piglin/idle3	-13.0
mob/piglin/idle4	-15.7
mob/piglin/idle5	-12.2
mob/piglin/jealous1	-13.7
mob/piglin/jealous2	-10.8
mob/piglin/jealous3	-14.3
mob/piglin/jealous4	-11.0
mob/piglin/jealous5	-10.4
mob/piglin/retreat1	-16.0
mob/piglin/retreat2	-12.0
mob/piglin/retreat3	-11.1
mob/piglin/retreat4	-11.3
mob/piglin/step1	-23.0
mob/piglin/step2	-22.6
mob/piglin/step3	-20.8
mob/piglin/step4	-20.3
mob/piglin/step5	-20.9
mob/piglin_brute/angry1	-19.0
mob/piglin_brute/angry2	-18.6
mob/piglin_brute/angry3	-19.3
mob/piglin_brute/angry4	-16.0
mob/piglin_brute/angry5	-17.0
mob/piglin_brute/death1	-11.4
mob/piglin_brute/death2	-15.1
mob/piglin_brute/death3	-11.8
mob/piglin_brute/hurt1	-17.0
mob/piglin_brute/hurt2	-19.4
mob/piglin_brute/hurt3	-19.2
mob/piglin_brute/hurt4	-16.4
mob/piglin_brute/idle1	-21.1
mob/piglin_brute/idle2	-20.4
mob/piglin_brute/idle3	-21.2
mob/piglin_brute/idle4	-22.0
mob/piglin_brute/idle5	-21.2
mob/piglin_brute/idle6	-19.8
mob/piglin_brute/idle7	-21.9
mob/piglin_brute/idle8	-18.3
mob/piglin_brute/idle9	-20.7
mob/piglin_brute/step1	-20.1
mob/piglin_brute/step2	-20.0
mob/piglin_brute/step3	-18.5
mob/piglin_brute/step4	-19.7
mob/piglin_brute/step5	-20.4
mob/pillager/celebrate1	-16.4
mob/pillager/celebrate2	-13.9
mob/pillager/celebrate3	-14.4
mob/pillager/celebrate4	-14.2
mob/pillager/death1	-12.2
mob/pillager/death2	-14.9
mob/pillager/horn_celebrate	-8.4
mob/pillager/hurt1	-13.9
mob/pillager/hurt2	-12.7
mob/pillager/hurt3	-12.3
mob/pillager/idle1	-16.8
mob/pillager/idle2	-13.8
mob/pillager/idle3	-16.3
mob/pillager/idle4	-14.9
mob/polarbear/death1	-12.6
mob/polarbear/death2	-12.9
mob/polarbear/death3	-12.7
mob/polarbear/hurt1	-10.7
mob/polarbear/hurt2	-10.9
mob/polarbear/hurt3	-13.2
mob/polarbear/hurt4	-16.0
mob/polarbear/idle1	-21.7
mob/polarbear/idle2	-22.3
mob/polarbear/idle3	-11.2
mob/polarbear/idle4	-19.4
mob/polarbear/step1	-19.9
mob/polarbear/step2	-23.6
mob/polarbear/step3	-23.0
mob/polarbear/step4	-20.7
mob/polarbear/warning1	-12.8
mob/polarbear/warning2	-15.1
mob/polarbear/warning3	-12.3
mob/polarbear_baby/idle1	-21.7
mob/polarbear_baby/idle2	-22.3
mob/polarbear_baby/idle3	-30.2
mob/polarbear_baby/idle4	-11.2
mob/pufferfish/blow_out1	-21.9
mob/pufferfish/blow_out2	-18.6
mob/pufferfish/blow_up1	-18.2
mob/pufferfish/blow_up2	-16.4
mob/pufferfish/death1	-15.4
mob/pufferfish/death2	-13.8
mob/pufferfish/flop1	-26.9
mob/pufferfish/flop2	-26.5
mob/pufferfish/flop3	-25.9
mob/pufferfish/flop4	-29.2
mob/pufferfish/hurt1	-20.8
mob/pufferfish/hurt2	-20.2
mob/pufferfish/sting1	-20.3
mob/pufferfish/sting2	-20.3
mob/rabbit/attack1	-19.8
mob/rabbit/attack2	-19.1
mob/rabbit/attack3	-17.3
mob/rabbit/attack4	-19.8
mob/rabbit/bunnymurder	-15.3
mob/rabbit/hop1	-47.7
mob/rabbit/hop2	-45.1
mob/rabbit/hop3	-43.9
mob/rabbit/hop4	-47.5
mob/rabbit/hurt1	-22.4
mob/rabbit/hurt2	-19.9
mob/rabbit/hurt3	-20.5
mob/rabbit/hurt4	-17.9
mob/rabbit/idle1	-48.6
mob/rabbit/idle2	-48.1
mob/rabbit/idle3	-51.4
mob/rabbit/idle4	-46.6
mob/ravager/bite1	-14.3
mob/ravager/bite2	-14.2
mob/ravager/bite3	-14.0
mob/ravager/celebrate1	-13.2
mob/ravager/celebrate2	-12.7
mob/ravager/death1	-9.5
mob/ravager/death2	-10.6
mob/ravager/death3	-10.6
mob/ravager/hurt1	-11.5
mob/ravager/hurt2	-9.2
mob/ravager/hurt3	-10.1
mob/ravager/hurt4	-10.0
mob/ravager/idle1	-11.0
mob/ravager/idle2	-11.2
mob/ravager/idle3	-13.6
mob/ravager/idle4	-11.4
mob/ravager/idle5	-13.0
mob/ravager/idle6	-13.4
mob/ravager/idle7	-14.1
mob/ravager/idle8	-13.2
mob/ravager/roar1	-7.3
mob/ravager/roar2	-8.3
mob/ravager/roar3	-7.9
mob/ravager/roar4	-8.5
mob/ravager/step1	-16.0
mob/ravager/step2	-15.0
mob/ravager/step3	-14.7
mob/ravager/step4	-15.4
mob/ravager/step5	-14.4
mob/ravager/stun1	-11.3
mob/ravager/stun2	-11.1
mob/ravager/stun3	-14.9
mob/sheep/say1	-29.1
mob/sheep/say2	-23.8
mob/sheep/say3	-24.4
mob/sheep/shear	-23.2
mob/sheep/step1	-22.7
mob/sheep/step2	-25.6
mob/sheep/step3	-24.0
mob/sheep/step4	-22.5
mob/sheep/step5	-27.0
mob/silverfish/hit1	-12.3
mob/silverfish/hit2	-15.3
mob/silverfish/hit3	-20.6
mob/silverfish/kill	-15.0
mob/silverfish/say1	-24.1
mob/silverfish/say2	-23.1
mob/silverfish/say3	-24.9
mob/silverfish/say4	-16.8
mob/silverfish/step1	-34.9
mob/silverfish/step2	-34.0
mob/silverfish/step3	-29.9
mob/silverfish/step4	-25.5
mob/skeleton/death	-12.7
mob/skeleton/hurt1	-15.0
mob/skeleton/hurt2	-14.4
mob/skeleton/hurt3	-13.0
mob/skeleton/hurt4	-14.2
mob/skeleton/say1	-33.5
mob/skeleton/say2	-40.4
mob/skeleton/say3	-35.6
mob/skeleton/step1	-20.2
mob/skeleton/step2	-25.7
mob/skeleton/step3	-22.0
mob/skeleton/step4	-25.0
mob/slime/attack1	-24.5
mob/slime/attack2	-23.5
mob/slime/big1	-24.3
mob/slime/big2	-26.9
mob/slime/big3	-21.8
mob/slime/big4	-19.2
mob/slime/small1	-26.6
mob/slime/small2	-23.1
mob/slime/small3	-26.8
mob/slime/small4	-24.4
mob/slime/small5	-24.4
mob/sniffer/death1	-18.2
mob/sniffer/death2	-15.3
mob/sniffer/digging_stop1	-20.4
mob/sniffer/digging_stop2	-23.2
mob/sniffer/eat1	-24.7
mob/sniffer/eat2	-23.9
mob/sniffer/eat3	-23.5
mob/sniffer/happy1	-18.2
mob/sniffer/happy2	-19.2
mob/sniffer/happy3	-18.4
mob/sniffer/happy4	-18.6
mob/sniffer/happy5	-17.9
mob/sniffer/hurt1	-15.5
mob/sniffer/hurt2	-17.1
mob/sniffer/hurt3	-15.2
mob/sniffer/idle1	-11.5
mob/sniffer/idle10	-15.0
mob/sniffer/idle11	-18.1
mob/sniffer/idle2	-15.1
mob/sniffer/idle3	-15.5
mob/sniffer/idle4	-16.4
mob/sniffer/idle5	-15.2
mob/sniffer/idle6	-16.2
mob/sniffer/idle7	-16.2
mob/sniffer/idle8	-14.7
mob/sniffer/idle9	-13.6
mob/sniffer/longdig1	-21.1
mob/sniffer/longdig2	-18.8
mob/sniffer/scenting1	-32.1
mob/sniffer/scenting2	-32.7
mob/sniffer/scenting3	-32.2
mob/sniffer/searching1	-30.5
mob/sniffer/searching2	-27.4
mob/sniffer/searching3	-30.2
mob/sniffer/searching4	-29.9
mob/sniffer/searching5	-30.5
mob/sniffer/searching6	-30.1
mob/sniffer/sniffing1	-29.1
mob/sniffer/sniffing2	-28.6
mob/sniffer/sniffing3	-29.9
mob/sniffer/step1	-19.2
mob/sniffer/step2	-19.3
mob/sniffer/step3	-20.9
mob/sniffer/step4	-17.9
mob/sniffer/step5	-18.5
mob/sniffer/step6	-21.1
mob/spider/death	-24.5
mob/spider/say1	-21.2
mob/spider/say2	-22.1
mob/spider/say3	-21.4
mob/spider/say4	-21.0
mob/spider/step1	-23.6
mob/spider/step2	-24.1
mob/spider/step3	-26.2
mob/spider/step4	-23.4
mob/squid/ambient1	-28.0
mob/squid/ambient2	-29.5
mob/squid/ambient3	-30.7
mob/squid/ambient4	-29.3
mob/squid/ambient5	-35.6
mob/squid/death1	-17.1
mob/squid/death2	-18.8
mob/squid/death3	-16.6
mob/squid/hurt1	-16.1
mob/squid/hurt2	-17.3
mob/squid/hurt3	-18.4
mob/squid/hurt4	-18.5
mob/squid/squirt1	-18.1
mob/squid/squirt2	-17.6
mob/squid/squirt3	-18.8
mob/stray/convert1	-21.5
mob/stray/convert2	-21.6
mob/stray/convert3	-21.7
mob/stray/death1	-15.5
mob/stray/death2	-15.8
mob/stray/hurt1	-18.4
mob/stray/hurt2	-17.4
mob/stray/hurt3	-14.0
mob/stray/hurt4	-19.7
mob/stray/idle1	-26.0
mob/stray/idle2	-30.0
mob/stray/idle3	-29.7
mob/stray/idle4	-31.1
mob/stray/step1	-26.5
mob/stray/step2	-31.5
mob/stray/step3	-28.4
mob/stray/step4	-31.2
mob/strider/death1	-23.3
mob/strider/death2	-21.9
mob/strider/death3	-21.5
mob/strider/death4	-24.4
mob/strider/eat1	-26.4
mob/strider/eat2	-25.8
mob/strider/eat3	-26.9
mob/strider/happy1	-22.9
mob/strider/happy2	-23.4
mob/strider/happy3	-26.3
mob/strider/happy4	-25.9
mob/strider/happy5	-22.0
mob/strider/hurt1	-23.4
mob/strider/hurt2	-24.4
mob/strider/hurt3	-23.0
mob/strider/hurt4	-24.7
mob/strider/idle1	-29.2
mob/strider/idle2	-25.4
mob/strider/idle3	-25.8
mob/strider/idle4	-29.9
mob/strider/idle5	-30.5
mob/strider/idle6	-28.9
mob/strider/retreat1	-20.4
mob/strider/retreat2	-19.7
mob/strider/retreat3	-25.1
mob/strider/retreat4	-24.5
mob/strider/retreat5	-22.6
mob/strider/step1	-30.2
mob/strider/step2	-30.0
mob/strider/step3	-29.7
mob/strider/step4	-30.7
mob/strider/step5	-33.6
mob/strider/step_lava1	-28.5
mob/strider/step_lava2	-25.2
mob/strider/step_lava3	-30.8
mob/strider/step_lava4	-25.2
mob/strider/step_lava5	-26.9
mob/strider/step_lava6	-25.9
mob/sulfur_cube/absorb1	-22.1
mob/sulfur_cube/absorb2	-23.8
mob/sulfur_cube/ball/bounce1	-41.8
mob/sulfur_cube/ball/bounce2	-42.5
mob/sulfur_cube/ball/bounce3	-42.0
mob/sulfur_cube/ball/bounce4	-47.0
mob/sulfur_cube/ball/bounce5	-41.8
mob/sulfur_cube/ball/bounce6	-42.8
mob/sulfur_cube/ball/bounce7	-41.8
mob/sulfur_cube/ball/bounce8	-46.9
mob/sulfur_cube/ball/bouncy_hit1	-25.8
mob/sulfur_cube/ball/bouncy_hit2	-23.5
mob/sulfur_cube/ball/bouncy_hit3	-22.4
mob/sulfur_cube/ball/bouncy_hit4	-22.1
mob/sulfur_cube/ball/bouncy_push1	-24.8
mob/sulfur_cube/ball/bouncy_push2	-23.3
mob/sulfur_cube/ball/bouncy_push3	-24.3
mob/sulfur_cube/ball/bouncy_push4	-22.6
mob/sulfur_cube/ball/explosive_hit1	-30.5
mob/sulfur_cube/ball/explosive_hit2	-28.1
mob/sulfur_cube/ball/explosive_hit3	-26.8
mob/sulfur_cube/ball/explosive_hit4	-28.6
mob/sulfur_cube/ball/explosive_push1	-25.4
mob/sulfur_cube/ball/explosive_push2	-25.3
mob/sulfur_cube/ball/explosive_push3	-26.7
mob/sulfur_cube/ball/explosive_push4	-25.7
mob/sulfur_cube/ball/fastflat_hit1	-24.0
mob/sulfur_cube/ball/fastflat_hit2	-23.6
mob/sulfur_cube/ball/fastflat_hit3	-22.3
mob/sulfur_cube/ball/fastflat_hit4	-22.1
mob/sulfur_cube/ball/fastflat_push1	-27.6
mob/sulfur_cube/ball/fastflat_push2	-27.1
mob/sulfur_cube/ball/fastflat_push3	-23.9
mob/sulfur_cube/ball/fastflat_push4	-23.9
mob/sulfur_cube/ball/fastsliding_hit1	-27.0
mob/sulfur_cube/ball/fastsliding_hit2	-23.5
mob/sulfur_cube/ball/fastsliding_hit3	-28.0
mob/sulfur_cube/ball/fastsliding_hit4	-26.9
mob/sulfur_cube/ball/fastsliding_push1	-26.6
mob/sulfur_cube/ball/fastsliding_push2	-23.2
mob/sulfur_cube/ball/fastsliding_push3	-26.3
mob/sulfur_cube/ball/fastsliding_push4	-25.8
mob/sulfur_cube/ball/highresistance_hit1	-22.6
mob/sulfur_cube/ball/highresistance_hit2	-24.8
mob/sulfur_cube/ball/highresistance_hit3	-22.4
mob/sulfur_cube/ball/highresistance_hit4	-22.2
mob/sulfur_cube/ball/highresistance_push1	-26.1
mob/sulfur_cube/ball/highresistance_push2	-27.7
mob/sulfur_cube/ball/highresistance_push3	-28.6
mob/sulfur_cube/ball/highresistance_push4	-26.0
mob/sulfur_cube/ball/hot_hit1	-24.4
mob/sulfur_cube/ball/hot_hit2	-23.5
mob/sulfur_cube/ball/hot_hit3	-25.0
mob/sulfur_cube/ball/hot_hit4	-25.5
mob/sulfur_cube/ball/hot_push1	-25.1
mob/sulfur_cube/ball/hot_push2	-25.7
mob/sulfur_cube/ball/hot_push3	-26.2
mob/sulfur_cube/ball/hot_push4	-25.4
mob/sulfur_cube/ball/light_hit1	-32.0
mob/sulfur_cube/ball/light_hit2	-32.7
mob/sulfur_cube/ball/light_hit3	-33.3
mob/sulfur_cube/ball/light_hit4	-30.9
mob/sulfur_cube/ball/light_push1	-31.5
mob/sulfur_cube/ball/light_push2	-33.2
mob/sulfur_cube/ball/light_push3	-33.7
mob/sulfur_cube/ball/light_push4	-31.6
mob/sulfur_cube/ball/regular_hit1	-31.4
mob/sulfur_cube/ball/regular_hit2	-30.7
mob/sulfur_cube/ball/regular_hit3	-27.3
mob/sulfur_cube/ball/regular_hit4	-26.8
mob/sulfur_cube/ball/regular_push1	-27.8
mob/sulfur_cube/ball/regular_push2	-27.2
mob/sulfur_cube/ball/regular_push3	-26.0
mob/sulfur_cube/ball/regular_push4	-25.3
mob/sulfur_cube/ball/slowflat_hit1	-23.6
mob/sulfur_cube/ball/slowflat_hit2	-25.4
mob/sulfur_cube/ball/slowflat_hit3	-25.1
mob/sulfur_cube/ball/slowflat_hit4	-23.6
mob/sulfur_cube/ball/slowflat_push1	-26.7
mob/sulfur_cube/ball/slowflat_push2	-29.6
mob/sulfur_cube/ball/slowflat_push3	-29.4
mob/sulfur_cube/ball/slowflat_push4	-26.6
mob/sulfur_cube/ball/slowsliding_hit1	-22.1
mob/sulfur_cube/ball/slowsliding_hit2	-19.0
mob/sulfur_cube/ball/slowsliding_hit3	-21.2
mob/sulfur_cube/ball/slowsliding_hit4	-20.2
mob/sulfur_cube/ball/slowsliding_push1	-25.4
mob/sulfur_cube/ball/slowsliding_push2	-22.5
mob/sulfur_cube/ball/slowsliding_push3	-24.9
mob/sulfur_cube/ball/slowsliding_push4	-24.8
mob/sulfur_cube/ball/sticky_hit1	-22.2
mob/sulfur_cube/ball/sticky_hit2	-24.2
mob/sulfur_cube/ball/sticky_hit3	-22.3
mob/sulfur_cube/ball/sticky_hit4	-22.3
mob/sulfur_cube/ball/sticky_push1	-25.7
mob/sulfur_cube/ball/sticky_push2	-27.3
mob/sulfur_cube/ball/sticky_push3	-28.6
mob/sulfur_cube/ball/sticky_push4	-26.0
mob/sulfur_cube/death	-15.2
mob/sulfur_cube/eject1	-18.3
mob/sulfur_cube/eject2	-18.6
mob/sulfur_cube/hit1	-19.6
mob/sulfur_cube/hit2	-23.8
mob/sulfur_cube/hit3	-21.1
mob/sulfur_cube/hit4	-20.6
mob/sulfur_cube/jump1	-25.2
mob/sulfur_cube/jump10	-23.3
mob/sulfur_cube/jump11	-29.5
mob/sulfur_cube/jump2	-24.9
mob/sulfur_cube/jump3	-23.0
mob/sulfur_cube/jump4	-26.6
mob/sulfur_cube/jump5	-23.3
mob/sulfur_cube/jump6	-24.6
mob/sulfur_cube/jump7	-22.6
mob/sulfur_cube/jump8	-26.1
mob/sulfur_cube/jump9	-26.4
mob/sulfur_cube/small_sulfur_cube/death	-27.5
mob/sulfur_cube/small_sulfur_cube/eat1	-29.7
mob/sulfur_cube/small_sulfur_cube/eat2	-30.1
mob/sulfur_cube/small_sulfur_cube/hit1	-24.1
mob/sulfur_cube/small_sulfur_cube/hit2	-19.7
mob/sulfur_cube/small_sulfur_cube/hit3	-22.3
mob/sulfur_cube/small_sulfur_cube/hit4	-26.4
mob/sulfur_cube/small_sulfur_cube/jump1	-35.4
mob/sulfur_cube/small_sulfur_cube/jump10	-37.2
mob/sulfur_cube/small_sulfur_cube/jump11	-33.5
mob/sulfur_cube/small_sulfur_cube/jump2	-38.6
mob/sulfur_cube/small_sulfur_cube/jump3	-31.5
mob/sulfur_cube/small_sulfur_cube/jump4	-35.0
mob/sulfur_cube/small_sulfur_cube/jump5	-29.9
mob/sulfur_cube/small_sulfur_cube/jump6	-35.2
mob/sulfur_cube/small_sulfur_cube/jump7	-40.7
mob/sulfur_cube/small_sulfur_cube/jump8	-36.8
mob/sulfur_cube/small_sulfur_cube/jump9	-34.1
mob/sulfur_cube/small_sulfur_cube/squish1	-34.7
mob/sulfur_cube/small_sulfur_cube/squish10	-32.3
mob/sulfur_cube/small_sulfur_cube/squish2	-32.5
mob/sulfur_cube/small_sulfur_cube/squish3	-27.6
mob/sulfur_cube/small_sulfur_cube/squish4	-31.5
mob/sulfur_cube/small_sulfur_cube/squish5	-28.8
mob/sulfur_cube/small_sulfur_cube/squish6	-29.5
mob/sulfur_cube/small_sulfur_cube/squish7	-30.7
mob/sulfur_cube/small_sulfur_cube/squish8	-31.8
mob/sulfur_cube/small_sulfur_cube/squish9	-31.4
mob/sulfur_cube/squish1	-26.1
mob/sulfur_cube/squish10	-28.0
mob/sulfur_cube/squish11	-26.7
mob/sulfur_cube/squish2	-26.4
mob/sulfur_cube/squish3	-26.1
mob/sulfur_cube/squish4	-31.0
mob/sulfur_cube/squish5	-27.9
mob/sulfur_cube/squish6	-28.1
mob/sulfur_cube/squish7	-25.7
mob/sulfur_cube/squish8	-26.1
mob/sulfur_cube/squish9	-28.5
mob/tadpole/death1	-32.6
mob/tadpole/death2	-32.5
mob/tadpole/hurt1	-33.2
mob/tadpole/hurt2	-31.9
mob/tadpole/hurt3	-34.2
mob/tadpole/hurt4	-32.3
mob/turtle/armor	-25.7
mob/turtle/baby/death1	-26.6
mob/turtle/baby/death2	-26.3
mob/turtle/baby/egg_hatched1	-20.1
mob/turtle/baby/egg_hatched2	-20.5
mob/turtle/baby/egg_hatched3	-20.4
mob/turtle/baby/hurt1	-28.1
mob/turtle/baby/hurt2	-24.9
mob/turtle/baby/shamble1	-47.4
mob/turtle/baby/shamble2	-43.5
mob/turtle/baby/shamble3	-47.9
mob/turtle/baby/shamble4	-50.1
mob/turtle/death1	-17.7
mob/turtle/death2	-20.4
mob/turtle/death3	-16.2
mob/turtle/egg/drop_egg1	-21.6
mob/turtle/egg/drop_egg2	-22.6
mob/turtle/egg/egg_break1	-17.5
mob/turtle/egg/egg_break2	-17.9
mob/turtle/egg/egg_crack1	-26.2
mob/turtle/egg/egg_crack2	-27.5
mob/turtle/egg/egg_crack3	-27.0
mob/turtle/egg/egg_crack4	-21.6
mob/turtle/egg/egg_crack5	-21.6
mob/turtle/egg/jump_egg1	-23.5
mob/turtle/egg/jump_egg2	-23.0
mob/turtle/egg/jump_egg3	-24.2
mob/turtle/egg/jump_egg4	-23.3
mob/turtle/hurt1	-18.6
mob/turtle/hurt2	-21.5
mob/turtle/hurt3	-19.8
mob/turtle/hurt4	-20.1
mob/turtle/hurt5	-19.7
mob/turtle/idle1	-38.5
mob/turtle/idle2	-45.0
mob/turtle/idle3	-45.8
mob/turtle/swim/swim1	-28.6
mob/turtle/swim/swim2	-28.6
mob/turtle/swim/swim3	-28.0
mob/turtle/swim/swim4	-28.4
mob/turtle/swim/swim5	-30.4
mob/turtle/walk1	-36.6
mob/turtle/walk2	-38.4
mob/turtle/walk3	-41.5
mob/turtle/walk4	-39.0
mob/turtle/walk5	-42.5
mob/vex/charge1	-26.0
mob/vex/charge2	-26.1
mob/vex/charge3	-18.5
mob/vex/death1	-18.0
mob/vex/death2	-17.2
mob/vex/hurt1	-34.8
mob/vex/hurt2	-35.4
mob/vex/idle1	-30.6
mob/vex/idle2	-33.9
mob/vex/idle3	-30.1
mob/vex/idle4	-33.0
mob/villager/death	-16.7
mob/villager/haggle1	-21.6
mob/villager/haggle2	-22.9
mob/villager/haggle3	-25.0
mob/villager/hit1	-17.5
mob/villager/hit2	-18.4
mob/villager/hit3	-15.9
mob/villager/hit4	-17.0
mob/villager/idle1	-24.0
mob/villager/idle2	-25.6
mob/villager/idle3	-26.2
mob/villager/no1	-23.8
mob/villager/no2	-18.2
mob/villager/no3	-25.0
mob/villager/yes1	-16.6
mob/villager/yes2	-21.7
mob/villager/yes3	-29.4
mob/vindication_illager/celebrate1	-16.4
mob/vindication_illager/celebrate2	-13.9
mob/vindication_illager/death1	-15.5
mob/vindication_illager/death2	-14.2
mob/vindication_illager/hurt1	-16.6
mob/vindication_illager/hurt2	-17.3
mob/vindication_illager/hurt3	-17.3
mob/vindication_illager/idle1	-15.2
mob/vindication_illager/idle2	-18.5
mob/vindication_illager/idle3	-20.4
mob/vindication_illager/idle4	-12.3
mob/vindication_illager/idle5	-15.6
mob/wandering_trader/appeared1	-14.1
mob/wandering_trader/appeared2	-13.8
mob/wandering_trader/death	-11.5
mob/wandering_trader/disappeared1	-16.9
mob/wandering_trader/disappeared2	-15.6
mob/wandering_trader/drink_milk1	-22.4
mob/wandering_trader/drink_milk2	-21.2
mob/wandering_trader/drink_milk3	-22.3
mob/wandering_trader/drink_milk4	-23.3
mob/wandering_trader/drink_milk5	-26.5
mob/wandering_trader/drink_potion	-16.8
mob/wandering_trader/haggle1	-18.2
mob/wandering_trader/haggle2	-17.3
mob/wandering_trader/haggle3	-25.7
mob/wandering_trader/hurt1	-16.3
mob/wandering_trader/hurt2	-17.2
mob/wandering_trader/hurt3	-15.5
mob/wandering_trader/hurt4	-14.8
mob/wandering_trader/idle1	-22.5
mob/wandering_trader/idle2	-17.7
mob/wandering_trader/idle3	-19.4
mob/wandering_trader/idle4	-18.7
mob/wandering_trader/idle5	-18.9
mob/wandering_trader/no1	-17.9
mob/wandering_trader/no2	-16.9
mob/wandering_trader/no3	-14.4
mob/wandering_trader/no4	-19.0
mob/wandering_trader/no5	-19.7
mob/wandering_trader/reappeared1	-16.2
mob/wandering_trader/reappeared2	-17.8
mob/wandering_trader/yes1	-15.3
mob/wandering_trader/yes2	-12.5
mob/wandering_trader/yes3	-14.7
mob/wandering_trader/yes4	-17.9
mob/warden/agitated_1	-14.9
mob/warden/agitated_2	-16.7
mob/warden/agitated_3	-21.0
mob/warden/agitated_4	-18.9
mob/warden/agitated_5	-15.4
mob/warden/agitated_6	-17.4
mob/warden/ambient_1	-20.3
mob/warden/ambient_10	-20.8
mob/warden/ambient_11	-18.4
mob/warden/ambient_12	-20.0
mob/warden/ambient_2	-20.1
mob/warden/ambient_3	-17.4
mob/warden/ambient_4	-21.2
mob/warden/ambient_5	-19.8
mob/warden/ambient_6	-19.9
mob/warden/ambient_7	-19.5
mob/warden/ambient_8	-18.7
mob/warden/ambient_9	-21.5
mob/warden/angry_1	-19.4
mob/warden/angry_2	-21.1
mob/warden/angry_3	-20.6
mob/warden/angry_4	-21.2
mob/warden/angry_5	-19.6
mob/warden/angry_6	-20.0
mob/warden/attack_impact_1	-20.3
mob/warden/attack_impact_2	-18.6
mob/warden/death_1	-15.5
mob/warden/death_2	-16.7
mob/warden/dig	-13.6
mob/warden/emerge	-9.7
mob/warden/heartbeat_1	-16.8
mob/warden/heartbeat_2	-16.1
mob/warden/heartbeat_3	-17.3
mob/warden/heartbeat_4	-16.6
mob/warden/hurt_1	-13.2
mob/warden/hurt_2	-13.9
mob/warden/hurt_3	-14.3
mob/warden/hurt_4	-15.0
mob/warden/listening_1	-17.2
mob/warden/listening_2	-18.7
mob/warden/listening_3	-18.2
mob/warden/listening_4	-17.0
mob/warden/listening_5	-17.9
mob/warden/listening_angry_1	-16.8
mob/warden/listening_angry_2	-18.0
mob/warden/listening_angry_3	-16.7
mob/warden/listening_angry_4	-16.6
mob/warden/listening_angry_5	-17.6
mob/warden/nearby_close_1	-24.0
mob/warden/nearby_close_2	-23.1
mob/warden/nearby_close_3	-24.8
mob/warden/nearby_close_4	-24.0
mob/warden/nearby_closer_1	-21.3
mob/warden/nearby_closer_2	-20.3
mob/warden/nearby_closer_3	-22.0
mob/warden/nearby_closest_1	-17.9
mob/warden/nearby_closest_2	-17.0
mob/warden/nearby_closest_3	-18.2
mob/warden/roar_1	-12.9
mob/warden/roar_2	-13.4
mob/warden/roar_3	-13.3
mob/warden/roar_4	-13.0
mob/warden/roar_5	-13.1
mob/warden/sniff_1	-19.2
mob/warden/sniff_2	-18.9
mob/warden/sniff_3	-19.1
mob/warden/sniff_4	-16.7
mob/warden/sonic_boom1	-11.9
mob/warden/sonic_boom2	-11.5
mob/warden/sonic_boom3	-11.5
mob/warden/sonic_boom4	-10.9
mob/warden/sonic_charge1	-10.6
mob/warden/sonic_charge2	-10.5
mob/warden/sonic_charge3	-10.4
mob/warden/sonic_charge4	-10.6
mob/warden/step_1	-26.2
mob/warden/step_2	-30.5
mob/warden/step_3	-30.0
mob/warden/step_4	-29.0
mob/warden/tendril_clicks_1	-18.4
mob/warden/tendril_clicks_2	-17.5
mob/warden/tendril_clicks_3	-17.0
mob/warden/tendril_clicks_4	-16.5
mob/warden/tendril_clicks_5	-21.4
mob/warden/tendril_clicks_6	-20.3
mob/wither/death	-7.2
mob/wither/hurt1	-11.2
mob/wither/hurt2	-9.5
mob/wither/hurt3	-8.2
mob/wither/hurt4	-9.8
mob/wither/idle1	-8.8
mob/wither/idle2	-9.0
mob/wither/idle3	-8.7
mob/wither/idle4	-10.4
mob/wither/shoot	-8.2
mob/wither/spawn	-5.5
mob/wither_skeleton/death1	-12.2
mob/wither_skeleton/death2	-12.6
mob/wither_skeleton/hurt1	-15.8
mob/wither_skeleton/hurt2	-14.6
mob/wither_skeleton/hurt3	-14.2
mob/wither_skeleton/hurt4	-14.6
mob/wither_skeleton/idle1	-29.4
mob/wither_skeleton/idle2	-28.1
mob/wither_skeleton/idle3	-27.5
mob/wither_skeleton/step1	-17.6
mob/wither_skeleton/step2	-21.2
mob/wither_skeleton/step3	-19.7
mob/wither_skeleton/step4	-22.8
mob/wolf/angry/bark1	-15.4
mob/wolf/angry/bark2	-13.1
mob/wolf/angry/bark3	-14.4
mob/wolf/angry/death	-13.9
mob/wolf/angry/growl1	-23.2
mob/wolf/angry/growl2	-20.6
mob/wolf/angry/growl3	-19.9
mob/wolf/angry/hurt1	-11.2
mob/wolf/angry/hurt2	-16.2
mob/wolf/angry/hurt3	-15.6
mob/wolf/angry/panting	-32.1
mob/wolf/angry/whine	-14.7
mob/wolf/baby/ambient1	-18.9
mob/wolf/baby/ambient2	-20.0
mob/wolf/baby/ambient3	-19.4
mob/wolf/baby/ambient4	-20.4
mob/wolf/baby/ambient5	-27.9
mob/wolf/baby/ambient6	-22.3
mob/wolf/baby/ambient7	-18.7
mob/wolf/baby/ambient8	-39.5
mob/wolf/baby/angry1	-16.3
mob/wolf/baby/angry2	-12.0
mob/wolf/baby/angry3	-35.8
mob/wolf/baby/angry4	-31.9
mob/wolf/baby/death	-27.9
mob/wolf/baby/hurt1	-24.5
mob/wolf/baby/hurt2	-16.1
mob/wolf/baby/hurt3	-19.3
mob/wolf/baby/pant1	-37.6
mob/wolf/baby/pant2	-49.5
mob/wolf/baby/pant3	-46.7
mob/wolf/baby/step1	-52.2
mob/wolf/baby/step2	-57.1
mob/wolf/baby/step3	-54.5
mob/wolf/baby/step4	-54.7
mob/wolf/baby/step5	-53.5
mob/wolf/baby/whine1	-27.2
mob/wolf/baby/whine2	-34.8
mob/wolf/big/bark1	-11.2
mob/wolf/big/bark2	-12.4
mob/wolf/big/bark3	-13.6
mob/wolf/big/death	-10.9
mob/wolf/big/growl1	-13.0
mob/wolf/big/growl2	-20.1
mob/wolf/big/growl3	-18.7
mob/wolf/big/hurt1	-11.3
mob/wolf/big/hurt2	-12.8
mob/wolf/big/hurt3	-10.6
mob/wolf/big/panting	-24.7
mob/wolf/big/whine	-21.0
mob/wolf/classic/bark1	-18.4
mob/wolf/classic/bark2	-17.3
mob/wolf/classic/bark3	-16.7
mob/wolf/classic/death	-10.2
mob/wolf/classic/growl1	-14.8
mob/wolf/classic/growl2	-13.2
mob/wolf/classic/growl3	-12.9
mob/wolf/classic/hurt1	-10.4
mob/wolf/classic/hurt2	-15.1
mob/wolf/classic/hurt3	-12.0
mob/wolf/classic/panting	-40.1
mob/wolf/classic/whine	-10.9
mob/wolf/cute/bark1	-16.2
mob/wolf/cute/bark2	-18.5
mob/wolf/cute/bark3	-17.3
mob/wolf/cute/death	-12.4
mob/wolf/cute/growl1	-19.3
mob/wolf/cute/growl2	-18.6
mob/wolf/cute/growl3	-16.3
mob/wolf/cute/hurt1	-9.7
mob/wolf/cute/hurt2	-10.8
mob/wolf/cute/hurt3	-10.1
mob/wolf/cute/panting	-40.0
mob/wolf/cute/whine	-15.8
mob/wolf/grumpy/bark1	-16.3
mob/wolf/grumpy/bark2	-18.7
mob/wolf/grumpy/bark3	-17.7
mob/wolf/grumpy/death	-13.9
mob/wolf/grumpy/growl1	-19.4
mob/wolf/grumpy/growl2	-21.0
mob/wolf/grumpy/growl3	-18.9
mob/wolf/grumpy/hurt1	-11.3
mob/wolf/grumpy/hurt2	-13.8
mob/wolf/grumpy/hurt3	-16.3
mob/wolf/grumpy/panting	-25.4
mob/wolf/grumpy/whine	-18.7
mob/wolf/puglin/bark1	-15.9
mob/wolf/puglin/bark2	-15.1
mob/wolf/puglin/bark3	-17.3
mob/wolf/puglin/death	-13.7
mob/wolf/puglin/growl1	-13.5
mob/wolf/puglin/growl2	-12.6
mob/wolf/puglin/growl3	-16.3
mob/wolf/puglin/hurt1	-14.6
mob/wolf/puglin/hurt2	-14.8
mob/wolf/puglin/hurt3	-17.6
mob/wolf/puglin/panting	-34.9
mob/wolf/puglin/whine	-20.7
mob/wolf/sad/bark1	-13.5
mob/wolf/sad/bark2	-14.9
mob/wolf/sad/bark3	-16.1
mob/wolf/sad/death	-16.7
mob/wolf/sad/growl1	-12.6
mob/wolf/sad/growl2	-12.4
mob/wolf/sad/growl3	-13.0
mob/wolf/sad/hurt1	-17.2
mob/wolf/sad/hurt2	-13.3
mob/wolf/sad/hurt3	-13.4
mob/wolf/sad/panting	-43.9
mob/wolf/sad/whine	-16.0
mob/wolf/shake	-22.7
mob/wolf/step1	-38.6
mob/wolf/step2	-44.7
mob/wolf/step3	-39.6
mob/wolf/step4	-41.3
mob/wolf/step5	-41.3
mob/zoglin/angry1	-11.1
mob/zoglin/angry2	-12.9
mob/zoglin/angry3	-13.5
mob/zoglin/attack1	-13.6
mob/zoglin/attack2	-12.6
mob/zoglin/death1	-10.5
mob/zoglin/death2	-12.8
mob/zoglin/death3	-14.9
mob/zoglin/hurt1	-13.8
mob/zoglin/hurt2	-14.6
mob/zoglin/hurt3	-13.2
mob/zoglin/idle1	-10.5
mob/zoglin/idle2	-12.7
mob/zoglin/idle3	-16.2
mob/zoglin/idle4	-16.7
mob/zoglin/idle5	-19.7
mob/zoglin/idle6	-17.8
mob/zoglin/step1	-18.5
mob/zoglin/step2	-19.4
mob/zoglin/step3	-18.4
mob/zoglin/step4	-19.9
mob/zoglin/step5	-17.3
mob/zombie/death	-18.6
mob/zombie/hurt1	-20.1
mob/zombie/hurt2	-17.9
mob/zombie/infect	-21.1
mob/zombie/metal1	-9.5
mob/zombie/metal2	-9.0
mob/zombie/metal3	-9.8
mob/zombie/remedy	-7.6
mob/zombie/say1	-19.7
mob/zombie/say2	-17.9
mob/zombie/say3	-19.9
mob/zombie/step1	-23.5
mob/zombie/step2	-29.1
mob/zombie/step3	-27.9
mob/zombie/step4	-26.1
mob/zombie/step5	-33.8
mob/zombie/unfect	-13.3
mob/zombie/wood1	-10.2
mob/zombie/wood2	-9.7
mob/zombie/wood3	-8.8
mob/zombie/wood4	-9.9
mob/zombie/woodbreak	-6.8
mob/zombie_nautilus/ambient1	-26.7
mob/zombie_nautilus/ambient2	-21.4
mob/zombie_nautilus/ambient3	-23.3
mob/zombie_nautilus/ambient4	-20.2
mob/zombie_nautilus/ambient5	-23.4
mob/zombie_nautilus/ambient_land1	-17.2
mob/zombie_nautilus/ambient_land2	-18.4
mob/zombie_nautilus/ambient_land3	-18.4
mob/zombie_nautilus/ambient_land4	-20.2
mob/zombie_nautilus/ambient_land5	-20.2
mob/zombie_nautilus/ambient_land6	-20.3
mob/zombie_nautilus/dash_land1	-11.6
mob/zombie_nautilus/dash_land2	-12.5
mob/zombie_nautilus/dash_land3	-13.0
mob/zombie_nautilus/dash_land4	-12.1
mob/zombie_nautilus/dash_ready1	-11.3
mob/zombie_nautilus/dash_ready2	-15.8
mob/zombie_nautilus/dash_ready3	-20.2
mob/zombie_nautilus/dash_ready_land1	-13.7
mob/zombie_nautilus/dash_ready_land2	-17.6
mob/zombie_nautilus/dash_ready_land3	-14.6
mob/zombie_nautilus/dash_ready_land4	-24.0
mob/zombie_nautilus/death	-19.3
mob/zombie_nautilus/death_land	-13.2
mob/zombie_nautilus/eat1	-24.1
mob/zombie_nautilus/eat2	-24.4
mob/zombie_nautilus/hurt1	-18.5
mob/zombie_nautilus/hurt2	-20.7
mob/zombie_nautilus/hurt3	-19.2
mob/zombie_nautilus/hurt4	-18.9
mob/zombie_nautilus/hurt_land1	-17.3
mob/zombie_nautilus/hurt_land2	-18.4
mob/zombie_nautilus/hurt_land3	-18.3
mob/zombie_nautilus/hurt_land4	-18.7
mob/zombie_villager/death	-17.4
mob/zombie_villager/hurt1	-20.1
mob/zombie_villager/hurt2	-17.0
mob/zombie_villager/say1	-21.3
mob/zombie_villager/say2	-19.9
mob/zombie_villager/say3	-20.0
mob/zombified_piglin/zpig1	-8.4
mob/zombified_piglin/zpig2	-23.2
mob/zombified_piglin/zpig3	-14.2
mob/zombified_piglin/zpig4	-21.1
mob/zombified_piglin/zpigangry1	-11.4
mob/zombified_piglin/zpigangry2	-14.1
mob/zombified_piglin/zpigangry3	-15.7
mob/zombified_piglin/zpigangry4	-18.7
mob/zombified_piglin/zpigdeath	-10.0
mob/zombified_piglin/zpighurt1	-15.3
mob/zombified_piglin/zpighurt2	-14.8
note/banjo	-21.3
note/bass	-16.8
note/bassattack	-18.6
note/bd	-17.8
note/bell	-24.7
note/bit	-26.9
note/cow_bell	-17.7
note/didgeridoo	-20.1
note/flute	-18.8
note/guitar	-23.8
note/harp	-26.3
note/harp2	-22.1
note/hat	-27.8
note/icechime	-25.4
note/iron_xylophone	-18.9
note/pling	-17.6
note/snare	-24.0
note/trumpet	-18.4
note/trumpet_exposed	-17.7
note/trumpet_oxidized	-23.4
note/trumpet_weathered	-20.3
note/xylobone	-29.3
portal/portal	-11.9
portal/travel	-10.3
portal/trigger	-10.7
random/anvil_break	-10.9
random/anvil_land	-8.9
random/anvil_use	-10.4
random/bow	-21.4
random/bowhit1	-23.7
random/bowhit2	-23.8
random/bowhit3	-21.1
random/bowhit4	-17.6
random/break	-20.3
random/breath	-23.4
random/burp	-22.4
random/chestclosed	-13.6
random/chestopen	-13.4
random/classic_hurt	-17.7
random/click	-26.8
random/click_stereo	-23.0
random/door_close	-16.5
random/door_open	-20.5
random/drink	-15.4
random/eat1	-24.4
random/eat2	-27.3
random/eat3	-20.2
random/explode1	-10.4
random/explode2	-9.7
random/explode3	-9.7
random/explode4	-11.1
random/fizz	-15.9
random/fuse	-21.8
random/glass1	-15.2
random/glass2	-20.1
random/glass3	-20.1
random/levelup	-13.6
random/orb	-18.0
random/pop	-24.0
random/splash	-10.1
random/successful_hit	-18.0
random/wood_click	-24.1
step/cloth1	-29.5
step/cloth2	-32.3
step/cloth3	-33.9
step/cloth4	-30.8
step/coral1	-29.1
step/coral2	-30.4
step/coral3	-32.4
step/coral4	-28.7
step/coral5	-27.8
step/coral6	-29.3
step/grass1	-38.7
step/grass2	-36.4
step/grass3	-35.7
step/grass4	-37.8
step/grass5	-34.3
step/grass6	-36.5
step/gravel1	-28.8
step/gravel2	-29.5
step/gravel3	-30.9
step/gravel4	-30.7
step/ladder1	-31.3
step/ladder2	-19.8
step/ladder3	-19.2
step/ladder4	-18.2
step/ladder5	-17.0
step/sand1	-22.4
step/sand2	-30.8
step/sand3	-29.4
step/sand4	-25.2
step/sand5	-27.5
step/scaffold1	-27.7
step/scaffold2	-27.7
step/scaffold3	-25.8
step/scaffold4	-24.9
step/scaffold5	-23.5
step/scaffold6	-25.8
step/scaffold7	-27.0
step/snow1	-33.1
step/snow2	-38.0
step/snow3	-35.1
step/snow4	-36.6
step/stone1	-33.5
step/stone2	-33.9
step/stone3	-36.6
step/stone4	-31.9
step/stone5	-31.2
step/stone6	-29.7
step/wet_grass1	-33.7
step/wet_grass2	-31.0
step/wet_grass3	-30.8
step/wet_grass4	-29.8
step/wet_grass5	-33.1
step/wet_grass6	-31.5
step/wood1	-27.6
step/wood2	-30.2
step/wood3	-27.9
step/wood4	-28.6
step/wood5	-27.1
step/wood6	-27.7
tile/piston/in	-20.5
tile/piston/out	-23.8
ui/cartography_table/drawmap1	-33.0
ui/cartography_table/drawmap2	-31.5
ui/cartography_table/drawmap3	-29.0
ui/hud/hud_bubble	-39.3
ui/loom/select_pattern1	-22.5
ui/loom/select_pattern2	-23.3
ui/loom/select_pattern3	-22.6
ui/loom/select_pattern4	-22.7
ui/loom/select_pattern5	-22.7
ui/loom/take_result1	-19.6
ui/loom/take_result2	-19.5
ui/stonecutter/cut1	-23.1
ui/stonecutter/cut2	-23.8
ui/toast/challenge_complete	-9.7
ui/toast/in	-38.4
ui/toast/out	-38.4
